instance,subset,path,dimension,bks,bks_routes,cost,gap_pct,routes,iterations,time,time_limit,seed,feasible,mode,status,error,wall_time
A-n32-k5,A,cvrplib/A/A-n32-k5.vrp,32,784.0,5,784.0,0.0,5,335,1.0022310090007522,1.0,0,True,clarke_wright_alns_vns,ok,,1.1131412650001948
A-n33-k5,A,cvrplib/A/A-n33-k5.vrp,33,661.0,5,661.0,0.0,5,323,1.0018839539998226,1.0,0,True,clarke_wright_alns_vns,ok,,1.1712734579996322
A-n33-k6,A,cvrplib/A/A-n33-k6.vrp,33,742.0,6,743.0,0.13477088948787064,6,298,1.0021185929999774,1.0,0,True,clarke_wright_alns_vns,ok,,1.101922354000635
A-n34-k5,A,cvrplib/A/A-n34-k5.vrp,34,778.0,5,785.0,0.8997429305912596,5,311,1.0006826489998275,1.0,0,True,clarke_wright_alns_vns,ok,,1.0701835039999423
A-n36-k5,A,cvrplib/A/A-n36-k5.vrp,36,799.0,5,799.0,0.0,5,278,1.007219585000712,1.0,0,True,clarke_wright_alns_vns,ok,,1.073185098999602
A-n37-k5,A,cvrplib/A/A-n37-k5.vrp,37,669.0,5,669.0,0.0,5,249,1.0005805800001326,1.0,0,True,clarke_wright_alns_vns,ok,,1.070942675999504
A-n37-k6,A,cvrplib/A/A-n37-k6.vrp,37,949.0,6,951.0,0.21074815595363539,6,284,1.000424114999987,1.0,0,True,clarke_wright_alns_vns,ok,,1.1394477719995848
A-n38-k5,A,cvrplib/A/A-n38-k5.vrp,38,730.0,5,730.0,0.0,5,303,1.0014964740003052,1.0,0,True,clarke_wright_alns_vns,ok,,1.1215377450007509
A-n39-k5,A,cvrplib/A/A-n39-k5.vrp,39,822.0,5,825.0,0.36496350364963503,5,318,1.002675384000213,1.0,0,True,clarke_wright_alns_vns,ok,,1.0636725919994205
A-n39-k6,A,cvrplib/A/A-n39-k6.vrp,39,831.0,6,833.0,0.24067388688327318,6,221,1.001143528999819,1.0,0,True,clarke_wright_alns_vns,ok,,1.1438606339997932
A-n44-k6,A,cvrplib/A/A-n44-k6.vrp,44,937.0,6,939.0,0.21344717182497333,6,201,1.0067934429998786,1.0,0,True,clarke_wright_alns_vns,ok,,1.145099461999962
A-n45-k6,A,cvrplib/A/A-n45-k6.vrp,45,944.0,6,980.0,3.8135593220338984,6,174,1.005578936999882,1.0,0,True,clarke_wright_alns_vns,ok,,1.1244246200003545
A-n45-k7,A,cvrplib/A/A-n45-k7.vrp,45,1146.0,7,1146.0,0.0,7,160,1.0020625369998015,1.0,0,True,clarke_wright_alns_vns,ok,,1.1345883120002327
A-n46-k7,A,cvrplib/A/A-n46-k7.vrp,46,914.0,7,914.0,0.0,7,153,1.0121241229999214,1.0,0,True,clarke_wright_alns_vns,ok,,1.1282487049993506
A-n48-k7,A,cvrplib/A/A-n48-k7.vrp,48,1073.0,7,1084.0,1.0251630941286114,7,143,1.0023705690000497,1.0,0,True,clarke_wright_alns_vns,ok,,1.0608047320001788
A-n53-k7,A,cvrplib/A/A-n53-k7.vrp,53,1010.0,7,1021.0,1.089108910891089,7,135,1.0012913700002173,1.0,0,True,clarke_wright_alns_vns,ok,,1.064757383000142
A-n54-k7,A,cvrplib/A/A-n54-k7.vrp,54,1167.0,7,1172.0,0.42844901456726653,7,118,1.0032733829993958,1.0,0,True,clarke_wright_alns_vns,ok,,1.0749108129994056
A-n55-k9,A,cvrplib/A/A-n55-k9.vrp,55,1073.0,9,1074.0,0.09319664492078285,9,125,1.0072985030001291,1.0,0,True,clarke_wright_alns_vns,ok,,1.0678658270007872
A-n60-k9,A,cvrplib/A/A-n60-k9.vrp,60,1354.0,9,1384.0,2.2156573116691285,9,65,1.0031628679998903,1.0,0,True,clarke_wright_alns_vns,ok,,1.05647015500017
A-n61-k9,A,cvrplib/A/A-n61-k9.vrp,61,1034.0,9,1165.0,12.669245647969053,9,51,1.016274754000733,1.0,0,True,clarke_wright_alns_vns,ok,,1.0823057919997154
A-n62-k8,A,cvrplib/A/A-n62-k8.vrp,62,1288.0,8,1312.0,1.8633540372670807,8,62,1.0220853930004523,1.0,0,True,clarke_wright_alns_vns,ok,,1.0853147649995663
A-n63-k10,A,cvrplib/A/A-n63-k10.vrp,63,1314.0,10,1336.0,1.67427701674277,10,58,1.0164424089998647,1.0,0,True,clarke_wright_alns_vns,ok,,1.0821220320003704
A-n63-k9,A,cvrplib/A/A-n63-k9.vrp,63,1616.0,9,1644.0,1.7326732673267329,9,50,1.009331500999906,1.0,0,True,clarke_wright_alns_vns,ok,,1.1363084209997396
A-n64-k9,A,cvrplib/A/A-n64-k9.vrp,64,1401.0,9,1446.0,3.2119914346895073,9,58,1.0090316940004413,1.0,0,True,clarke_wright_alns_vns,ok,,1.1281787750003787
A-n65-k9,A,cvrplib/A/A-n65-k9.vrp,65,1174.0,9,1218.0,3.747870528109029,9,60,1.0016670670001986,1.0,0,True,clarke_wright_alns_vns,ok,,1.0693133740005578
A-n69-k9,A,cvrplib/A/A-n69-k9.vrp,69,1159.0,9,1169.0,0.8628127696289906,9,60,1.0154491680004867,1.0,0,True,clarke_wright_alns_vns,ok,,1.0777787979995992
Antwerp1,AGS,cvrplib/AGS/Antwerp1.vrp,6001,477277.0,343,2473663.0,418.2866553385141,343,0,0.10679212299965002,0.0,0,True,sweep_construction_only,ok,,0.17620409800019843
Antwerp2,AGS,cvrplib/AGS/Antwerp2.vrp,7001,291350.0,120,1597154.0,448.1908357645444,120,0,0.21732075100044312,0.0,0,True,sweep_construction_only,ok,,0.377341616999729
A-n80-k10,A,cvrplib/A/A-n80-k10.vrp,80,1763.0,10,1821.0,3.2898468519568915,10,28,1.0365419979998478,1.0,0,True,clarke_wright_alns_vns,ok,,1.1036448819995712
Brussels1,AGS,cvrplib/AGS/Brussels1.vrp,15001,501719.0,512,3564541.0,610.4656192011863,512,0,0.4044725280000421,0.0,0,True,sweep_construction_only,ok,,0.49144820099991193
Brussels2,AGS,cvrplib/AGS/Brussels2.vrp,16001,345468.0,182,2237347.0,547.6278555466787,182,0,0.5489567209997404,0.0,0,True,sweep_construction_only,ok,,0.6432920000006561
Flanders1,AGS,cvrplib/AGS/Flanders1.vrp,20001,7240118.0,684,46697583.0,544.9837281657565,684,0,0.6417911170001389,0.0,0,True,sweep_construction_only,ok,,0.7320305429993823
Ghent1,AGS,cvrplib/AGS/Ghent1.vrp,10001,469531.0,485,2670407.0,468.73923127546425,485,0,0.2364993159999358,0.0,0,True,sweep_construction_only,ok,,0.31010915499973635
Ghent2,AGS,cvrplib/AGS/Ghent2.vrp,11001,257749.0,110,1346678.0,422.4765178526396,110,0,0.4565059320002547,0.0,0,True,sweep_construction_only,ok,,0.6316005509997922
Flanders2,AGS,cvrplib/AGS/Flanders2.vrp,30001,4373244.0,256,31882121.0,629.02680481583,256,0,1.3697783070001606,0.0,0,True,sweep_construction_only,ok,,1.4713001629997962
Leuven1,AGS,cvrplib/AGS/Leuven1.vrp,3001,192848.0,203,890421.0,361.72166680494485,203,0,0.025802473000112514,0.0,0,True,sweep_construction_only,ok,,0.5653566470000442
Leuven2,AGS,cvrplib/AGS/Leuven2.vrp,4001,111395.0,46,992390.0,790.8748148480632,46,0,0.003845395000098506,0.0,0,True,sweep_construction_only,ok,,0.678608415000781
B-n31-k5,B,cvrplib/B/B-n31-k5.vrp,31,672.0,5,677.0,0.744047619047619,5,309,1.0031685280000602,1.0,0,True,clarke_wright_alns_vns,ok,,1.145657181000388
B-n34-k5,B,cvrplib/B/B-n34-k5.vrp,34,788.0,5,788.0,0.0,5,349,1.0015834870000617,1.0,0,True,clarke_wright_alns_vns,ok,,1.1380596170001809
B-n35-k5,B,cvrplib/B/B-n35-k5.vrp,35,955.0,5,955.0,0.0,5,263,1.009747084999617,1.0,0,True,clarke_wright_alns_vns,ok,,1.144704332999936
B-n38-k6,B,cvrplib/B/B-n38-k6.vrp,38,805.0,6,805.0,0.0,6,167,1.0041862500002026,1.0,0,True,clarke_wright_alns_vns,ok,,1.138147535999451
B-n39-k5,B,cvrplib/B/B-n39-k5.vrp,39,549.0,5,549.0,0.0,5,208,1.000980066000011,1.0,0,True,clarke_wright_alns_vns,ok,,1.0836179309999352
B-n41-k6,B,cvrplib/B/B-n41-k6.vrp,41,829.0,6,830.0,0.12062726176115801,6,215,1.0091720579994217,1.0,0,True,clarke_wright_alns_vns,ok,,1.1545473679998395
B-n43-k6,B,cvrplib/B/B-n43-k6.vrp,43,742.0,6,742.0,0.0,6,148,1.0024419539995506,1.0,0,True,clarke_wright_alns_vns,ok,,1.070556607999606
B-n44-k7,B,cvrplib/B/B-n44-k7.vrp,44,909.0,7,909.0,0.0,7,155,1.0020481110004766,1.0,0,True,clarke_wright_alns_vns,ok,,1.1365848210007243
B-n45-k5,B,cvrplib/B/B-n45-k5.vrp,45,751.0,5,751.0,0.0,5,250,1.0027561209999476,1.0,0,True,clarke_wright_alns_vns,ok,,1.0662920109998595
B-n45-k6,B,cvrplib/B/B-n45-k6.vrp,45,678.0,6,680.0,0.2949852507374631,6,179,1.0033669989998089,1.0,0,True,clarke_wright_alns_vns,ok,,1.104220135000105
B-n50-k7,B,cvrplib/B/B-n50-k7.vrp,50,741.0,7,741.0,0.0,7,108,1.029092947999743,1.0,0,True,clarke_wright_alns_vns,ok,,1.1163799460000519
B-n50-k8,B,cvrplib/B/B-n50-k8.vrp,50,1312.0,8,1325.0,0.9908536585365854,8,102,1.004571292000037,1.0,0,True,clarke_wright_alns_vns,ok,,1.114119608000692
B-n51-k7,B,cvrplib/B/B-n51-k7.vrp,51,1032.0,7,1038.0,0.5813953488372093,7,165,1.0045886569996583,1.0,0,True,clarke_wright_alns_vns,ok,,1.121485068999391
B-n52-k7,B,cvrplib/B/B-n52-k7.vrp,52,747.0,7,748.0,0.13386880856760375,7,109,1.0154682459997275,1.0,0,True,clarke_wright_alns_vns,ok,,1.0787308819999453
B-n56-k7,B,cvrplib/B/B-n56-k7.vrp,56,707.0,7,714.0,0.9900990099009901,7,77,1.003616031999627,1.0,0,True,clarke_wright_alns_vns,ok,,1.0680835880002633
B-n57-k7,B,cvrplib/B/B-n57-k7.vrp,57,1153.0,7,1394.0,20.901994796183867,7,44,1.0454246389999753,1.0,0,True,clarke_wright_alns_vns,ok,,1.1374556760001724
B-n57-k9,B,cvrplib/B/B-n57-k9.vrp,57,1598.0,9,1630.0,2.002503128911139,9,74,1.001798520000193,1.0,0,True,clarke_wright_alns_vns,ok,,1.1246036409993394
B-n63-k10,B,cvrplib/B/B-n63-k10.vrp,63,1496.0,10,1548.0,3.4759358288770055,10,76,1.0159965150005519,1.0,0,True,clarke_wright_alns_vns,ok,,1.108246298999802
B-n64-k9,B,cvrplib/B/B-n64-k9.vrp,64,861.0,9,913.0,6.039488966318235,9,53,1.035105380999994,1.0,0,True,clarke_wright_alns_vns,ok,,1.0916725300003236
B-n66-k9,B,cvrplib/B/B-n66-k9.vrp,66,1316.0,9,1332.0,1.21580547112462,9,51,1.0348473909998575,1.0,0,True,clarke_wright_alns_vns,ok,,1.102265356999851
B-n67-k10,B,cvrplib/B/B-n67-k10.vrp,67,1032.0,10,1081.0,4.748062015503876,10,47,1.0167889449994618,1.0,0,True,clarke_wright_alns_vns,ok,,1.0887004679998427
B-n68-k9,B,cvrplib/B/B-n68-k9.vrp,68,1272.0,9,1296.0,1.8867924528301887,9,36,1.0419421169999623,1.0,0,True,clarke_wright_alns_vns,ok,,1.1057014049993086
B-n78-k10,B,cvrplib/B/B-n78-k10.vrp,78,1221.0,10,1251.0,2.457002457002457,10,39,1.0007289750001291,1.0,0,True,clarke_wright_alns_vns,ok,,1.1630371890005335
CMT1,CMT,cvrplib/CMT/CMT1.vrp,51,524.611,5,527.9777035856569,0.6417523814134405,5,196,1.0024514970000382,1.0,0,True,clarke_wright_alns_vns,ok,,1.0692567090000011
CMT11,CMT,cvrplib/CMT/CMT11.vrp,121,1042.12,7,1051.5258109728836,0.9025650570839949,7,16,1.0864838930001497,1.0,0,True,clarke_wright_alns_vns,ok,,1.149856591000571
CMT10,CMT,cvrplib/CMT/CMT10.vrp,200,1395.85,18,1379.5100632157316,-1.1706083593701526,17,2,1.574366517999806,1.0,0,True,clarke_wright_alns_vns,ok,,1.7185877700003402
CMT12,CMT,cvrplib/CMT/CMT12.vrp,101,819.558,10,821.9988601083345,0.29782640256510273,10,13,1.096892790000311,1.0,0,True,clarke_wright_alns_vns,ok,,1.1705586059997586
CMT13,CMT,cvrplib/CMT/CMT13.vrp,121,1541.14,11,1051.5258109728834,-31.7696113933268,7,13,1.0571905870001501,1.0,0,True,clarke_wright_alns_vns,ok,,1.1265970860004018
CMT14,CMT,cvrplib/CMT/CMT14.vrp,101,866.365,11,821.9988601083345,-5.12095247287985,10,13,1.0326989059994958,1.0,0,True,clarke_wright_alns_vns,ok,,1.1092586189997746
CMT2,CMT,cvrplib/CMT/CMT2.vrp,76,835.262,10,862.6102844149717,3.27421628362978,10,49,1.0274280370003908,1.0,0,True,clarke_wright_alns_vns,ok,,1.1009732390002682
CMT3,CMT,cvrplib/CMT/CMT3.vrp,101,826.137,8,862.5041917296159,4.402077588779575,8,15,1.0487910600004398,1.0,0,True,clarke_wright_alns_vns,ok,,1.18396569000015
CMT4,CMT,cvrplib/CMT/CMT4.vrp,151,1028.42,12,1078.7825709796102,4.897082026760483,12,4,1.2194679040003393,1.0,0,True,clarke_wright_alns_vns,ok,,1.3542981390000932
CMT5,CMT,cvrplib/CMT/CMT5.vrp,200,1291.289144,16,1768.7772705592658,36.97763036093996,16,1,1.0519481660003294,1.0,0,True,clarke_wright_alns_vns,ok,,1.1146302630004357
CMT6,CMT,cvrplib/CMT/CMT6.vrp,51,555.43,6,524.6111466425075,-5.5486475987059505,5,226,1.0010515439998926,1.0,0,True,clarke_wright_alns_vns,ok,,1.1092820419999043
CMT7,CMT,cvrplib/CMT/CMT7.vrp,76,909.675,11,865.1727771364054,-4.892101339884521,10,54,1.0070224400005827,1.0,0,True,clarke_wright_alns_vns,ok,,1.0713687739998932
CMT8,CMT,cvrplib/CMT/CMT8.vrp,101,865.945,9,862.5041917296159,-0.3973472068531137,8,13,1.0138993939999636,1.0,0,True,clarke_wright_alns_vns,ok,,1.150676964000013
CMT9,CMT,cvrplib/CMT/CMT9.vrp,151,1162.55,14,1098.307843368979,-5.525969345922401,12,4,1.0335408310002094,1.0,0,True,clarke_wright_alns_vns,ok,,1.0920176059998994
E-n101-k14,E,cvrplib/E/E-n101-k14.vrp,101,1067.0,14,1130.0,5.904404873477039,14,12,1.000646090000373,1.0,0,True,clarke_wright_alns_vns,ok,,1.1415761079997537
E-n101-k8,E,cvrplib/E/E-n101-k8.vrp,101,815.0,8,840.0,3.067484662576687,8,19,1.0307822369995847,1.0,0,True,clarke_wright_alns_vns,ok,,1.0932322569997268
E-n22-k4,E,cvrplib/E/E-n22-k4.vrp,22,375.0,4,375.0,0.0,4,1255,1.0025886390003507,1.0,0,True,clarke_wright_alns_vns,ok,,1.0636908279993804
E-n23-k3,E,cvrplib/E/E-n23-k3.vrp,23,569.0,3,569.0,0.0,3,635,1.0005599779997283,1.0,0,True,clarke_wright_alns_vns,ok,,1.0603664569998728
E-n30-k3,E,cvrplib/E/E-n30-k3.vrp,30,534.0,3,537.0,0.5617977528089888,3,514,1.002088611000545,1.0,0,True,clarke_wright_alns_vns,ok,,1.116126921000614
E-n33-k4,E,cvrplib/E/E-n33-k4.vrp,33,835.0,4,835.0,0.0,4,401,1.0000646839998808,1.0,0,True,clarke_wright_alns_vns,ok,,1.068224495999857
E-n51-k5,E,cvrplib/E/E-n51-k5.vrp,51,521.0,5,526.0,0.9596928982725527,5,214,1.0022082610003054,1.0,0,True,clarke_wright_alns_vns,ok,,1.1307392339995204
E-n76-k10,E,cvrplib/E/E-n76-k10.vrp,76,830.0,10,862.0,3.8554216867469884,10,57,1.0090525199993863,1.0,0,True,clarke_wright_alns_vns,ok,,1.0741410810005618
E-n76-k14,E,cvrplib/E/E-n76-k14.vrp,76,1021.0,14,1090.0,6.758080313418217,14,48,1.0318162660005328,1.0,0,True,clarke_wright_alns_vns,ok,,1.0972922520004431
E-n76-k7,E,cvrplib/E/E-n76-k7.vrp,76,682.0,7,693.0,1.6129032258064515,7,42,1.0011760850002247,1.0,0,True,clarke_wright_alns_vns,ok,,1.0645485380000537
E-n76-k8,E,cvrplib/E/E-n76-k8.vrp,76,735.0,8,743.0,1.0884353741496597,8,61,1.0109258140000748,1.0,0,True,clarke_wright_alns_vns,ok,,1.1441346120000162
F-n135-k7,F,cvrplib/F/F-n135-k7.vrp,135,1162.0,7,1183.0007264403462,1.8072914320435605,7,4,1.121724204000202,1.0,0,True,clarke_wright_alns_vns,ok,,1.190622527999949
F-n45-k4,F,cvrplib/F/F-n45-k4.vrp,45,724.0,4,727.7463291782954,0.5174487815325076,4,146,1.002863183000045,1.0,0,True,clarke_wright_alns_vns,ok,,1.1176942440006314
F-n72-k4,F,cvrplib/F/F-n72-k4.vrp,72,237.0,4,250.0,5.485232067510549,4,46,1.017496635000498,1.0,0,True,clarke_wright_alns_vns,ok,,1.0769685129998834
M-n101-k10,M,cvrplib/M/M-n101-k10.vrp,101,820.0,10,821.0,0.12195121951219512,10,14,1.0456245409995972,1.0,0,True,clarke_wright_alns_vns,ok,,1.1647354710003128
M-n121-k7,M,cvrplib/M/M-n121-k7.vrp,121,1034.0,7,1269.0,22.727272727272727,7,12,1.014239811999687,1.0,0,True,clarke_wright_alns_vns,ok,,1.0996238890002132
M-n200-k16,M,cvrplib/M/M-n200-k16.vrp,200,1274.0,16,1909.0,49.84301412872841,16,2,1.021808895000504,1.0,0,True,clarke_wright_alns_vns,ok,,1.0809164499996768
M-n151-k12,M,cvrplib/M/M-n151-k12.vrp,151,1015.0,12,1095.0,7.8817733990147785,12,3,1.2305855569993582,1.0,0,True,clarke_wright_alns_vns,ok,,1.360157031000199
P-n101-k4,P,cvrplib/P/P-n101-k4.vrp,101,681.0,4,701.0,2.936857562408223,4,16,1.0162458189997778,1.0,0,True,clarke_wright_alns_vns,ok,,1.0810055129995817
M-n200-k17,M,cvrplib/M/M-n200-k17.vrp,200,1275.0,17,1357.0,6.431372549019608,17,2,1.3384980069995436,1.0,0,True,clarke_wright_alns_vns,ok,,1.4053353669996795
P-n16-k8,P,cvrplib/P/P-n16-k8.vrp,16,450.0,8,450.0,0.0,8,2080,1.0002281209999637,1.0,0,True,clarke_wright_alns_vns,ok,,1.0633405899998252
P-n19-k2,P,cvrplib/P/P-n19-k2.vrp,19,212.0,2,212.0,0.0,2,2443,1.0005266640000627,1.0,0,True,clarke_wright_alns_vns,ok,,1.0603881110000657
P-n20-k2,P,cvrplib/P/P-n20-k2.vrp,20,216.0,2,216.0,0.0,2,2070,1.0002997009996761,1.0,0,True,clarke_wright_alns_vns,ok,,1.0600379409997913
P-n21-k2,P,cvrplib/P/P-n21-k2.vrp,21,211.0,2,211.0,0.0,2,1554,1.0002738160001172,1.0,0,True,clarke_wright_alns_vns,ok,,1.0617661810001664
P-n22-k2,P,cvrplib/P/P-n22-k2.vrp,22,216.0,2,216.0,0.0,2,1589,1.0001994790000026,1.0,0,True,clarke_wright_alns_vns,ok,,1.0965364939993378
P-n22-k8,P,cvrplib/P/P-n22-k8.vrp,22,603.0,8,603.0,0.0,8,1085,1.0008253550004156,1.0,0,True,clarke_wright_alns_vns,ok,,1.059077390999846
P-n23-k8,P,cvrplib/P/P-n23-k8.vrp,23,529.0,8,529.0,0.0,8,949,1.0005601800003205,1.0,0,True,clarke_wright_alns_vns,ok,,1.1534231309997267
P-n40-k5,P,cvrplib/P/P-n40-k5.vrp,40,458.0,5,458.0,0.0,5,246,1.0008931820002545,1.0,0,True,clarke_wright_alns_vns,ok,,1.0947785739999745
P-n50-k10,P,cvrplib/P/P-n50-k10.vrp,50,696.0,10,700.0,0.5747126436781609,10,155,1.006384356000126,1.0,0,True,clarke_wright_alns_vns,ok,,1.075339790999351
P-n45-k5,P,cvrplib/P/P-n45-k5.vrp,45,510.0,5,510.0,0.0,5,203,1.0010765300003186,1.0,0,True,clarke_wright_alns_vns,ok,,1.1370638139997027
P-n50-k7,P,cvrplib/P/P-n50-k7.vrp,50,554.0,7,558.0,0.7220216606498195,7,138,1.0005164630001673,1.0,0,True,clarke_wright_alns_vns,ok,,1.0718529239993586
P-n50-k8,P,cvrplib/P/P-n50-k8.vrp,50,631.0,8,791.0,25.356576862123614,8,71,1.020265424000172,1.0,0,True,clarke_wright_alns_vns,ok,,1.158625177000431
P-n51-k10,P,cvrplib/P/P-n51-k10.vrp,51,741.0,10,758.0,2.2941970310391366,10,159,1.0000961619998634,1.0,0,True,clarke_wright_alns_vns,ok,,1.060878321999553
P-n55-k15,P,cvrplib/P/P-n55-k15.vrp,,,,,,,,,,0,,,error,ValueError: Unable to pack customer 42 into 15 routes,0.06340829100008705
P-n55-k10,P,cvrplib/P/P-n55-k10.vrp,55,694.0,10,702.0,1.1527377521613833,10,94,1.0029336249999687,1.0,0,True,clarke_wright_alns_vns,ok,,1.080017797000437
P-n55-k7,P,cvrplib/P/P-n55-k7.vrp,55,568.0,7,577.0,1.584507042253521,7,88,1.0100757480004177,1.0,0,True,clarke_wright_alns_vns,ok,,1.0843730890001098
P-n55-k8,P,cvrplib/P/P-n55-k8.vrp,55,588.0,8,577.0,-1.870748299319728,7,119,1.0033016079996742,1.0,0,True,clarke_wright_alns_vns,ok,,1.0574354459995448
P-n60-k10,P,cvrplib/P/P-n60-k10.vrp,60,744.0,10,744.0,0.0,10,98,1.0171128990004945,1.0,0,True,clarke_wright_alns_vns,ok,,1.0861486849998983
P-n60-k15,P,cvrplib/P/P-n60-k15.vrp,60,968.0,15,980.0,1.2396694214876034,15,69,1.0062846170003468,1.0,0,True,clarke_wright_alns_vns,ok,,1.0708835979994547
P-n65-k10,P,cvrplib/P/P-n65-k10.vrp,65,792.0,10,816.0,3.0303030303030303,10,54,1.000338525999723,1.0,0,True,clarke_wright_alns_vns,ok,,1.139282462000665
P-n70-k10,P,cvrplib/P/P-n70-k10.vrp,70,827.0,10,868.0,4.957678355501813,10,44,1.0026431920005052,1.0,0,True,clarke_wright_alns_vns,ok,,1.0851854269994874
P-n76-k4,P,cvrplib/P/P-n76-k4.vrp,76,593.0,4,620.0,4.5531197301854975,4,72,1.0034055699998135,1.0,0,True,clarke_wright_alns_vns,ok,,1.0730394260008325
P-n76-k5,P,cvrplib/P/P-n76-k5.vrp,76,627.0,5,647.0,3.1897926634768736,5,54,1.045261059999575,1.0,0,True,clarke_wright_alns_vns,ok,,1.175927602000229
X-n1001-k43,X,cvrplib/X/X-n1001-k43.vrp,1001,72355.0,43,77183.0,6.672655656139866,43,0,1.0320504470000742,1.0,0,True,clarke_wright_construction_only,ok,,1.1743409769997015
X-n101-k25,X,cvrplib/X/X-n101-k25.vrp,101,27591.0,26,29485.0,6.864557283172049,26,11,1.03576635599984,1.0,0,True,clarke_wright_alns_vns,ok,,1.1521185540004808
X-n106-k14,X,cvrplib/X/X-n106-k14.vrp,106,26362.0,14,26874.0,1.942189515211289,14,5,1.1714137930002835,1.0,0,True,clarke_wright_alns_vns,ok,,1.2927572850003344
X-n110-k13,X,cvrplib/X/X-n110-k13.vrp,110,14971.0,13,15523.0,3.6871284483334446,13,8,1.0110254880000866,1.0,0,True,clarke_wright_alns_vns,ok,,1.1298424040005557
X-n115-k10,X,cvrplib/X/X-n115-k10.vrp,115,12747.0,10,14083.0,10.480897466070447,10,5,1.0054078450002635,1.0,0,True,clarke_wright_alns_vns,ok,,1.0672860049999144
X-n120-k6,X,cvrplib/X/X-n120-k6.vrp,120,13332.0,6,14250.0,6.885688568856886,6,5,1.0878903029997673,1.0,0,True,clarke_wright_alns_vns,ok,,1.2242634710000857
X-n125-k30,X,cvrplib/X/X-n125-k30.vrp,125,55539.0,30,58843.0,5.94897279389258,30,9,1.1452060620003977,1.0,0,True,clarke_wright_alns_vns,ok,,1.2093005369997627
X-n129-k18,X,cvrplib/X/X-n129-k18.vrp,129,28940.0,18,30088.0,3.9668279198341394,18,7,1.0842774339998869,1.0,0,True,clarke_wright_alns_vns,ok,,1.1627181789999668
X-n134-k13,X,cvrplib/X/X-n134-k13.vrp,134,10916.0,13,12594.0,15.371931110296813,13,3,1.1728879520005648,1.0,0,True,clarke_wright_alns_vns,ok,,1.2440940240003329
X-n139-k10,X,cvrplib/X/X-n139-k10.vrp,139,13590.0,10,14386.0,5.857247976453275,10,6,1.2637616319998415,1.0,0,True,clarke_wright_alns_vns,ok,,1.341784760000337
X-n143-k7,X,cvrplib/X/X-n143-k7.vrp,143,15700.0,7,17433.0,11.038216560509555,7,6,1.0199504370002614,1.0,0,True,clarke_wright_alns_vns,ok,,1.117985220999799
X-n148-k46,X,cvrplib/X/X-n148-k46.vrp,148,43448.0,47,45525.0,4.780427177315412,47,3,1.1188906799998222,1.0,0,True,clarke_wright_alns_vns,ok,,1.1789790700004232
X-n153-k22,X,cvrplib/X/X-n153-k22.vrp,153,21220.0,23,23748.0,11.913289349670123,23,2,1.213258773999769,1.0,0,True,clarke_wright_alns_vns,ok,,1.2785548840001866
X-n157-k13,X,cvrplib/X/X-n157-k13.vrp,157,16876.0,13,17641.0,4.533064707276606,13,1,1.4226360290003868,1.0,0,True,clarke_wright_alns_vns,ok,,1.4884584589999577
X-n162-k11,X,cvrplib/X/X-n162-k11.vrp,162,14138.0,11,15264.0,7.964351393407837,11,3,1.1650910159996783,1.0,0,True,clarke_wright_alns_vns,ok,,1.2255291249994116
X-n167-k10,X,cvrplib/X/X-n167-k10.vrp,167,20557.0,10,21716.0,5.637982195845697,10,2,1.0467677629994796,1.0,0,True,clarke_wright_alns_vns,ok,,1.214086171999952
X-n172-k51,X,cvrplib/X/X-n172-k51.vrp,172,45607.0,53,50927.0,11.664876005876291,52,1,1.042338182000094,1.0,0,True,clarke_wright_alns_vns,ok,,1.1885291320004399
X-n176-k26,X,cvrplib/X/X-n176-k26.vrp,176,47812.0,26,52652.0,10.122981678239773,26,1,1.4417258880002919,1.0,0,True,clarke_wright_alns_vns,ok,,1.5148004909997326
X-n186-k15,X,cvrplib/X/X-n186-k15.vrp,186,24145.0,15,25391.0,5.160488714019466,15,1,1.7436877740001364,1.0,0,True,clarke_wright_alns_vns,ok,,1.8803982160006854
X-n190-k8,X,cvrplib/X/X-n190-k8.vrp,190,16980.0,8,17876.0,5.276796230859835,8,4,1.0855075569998007,1.0,0,True,clarke_wright_alns_vns,ok,,1.1745050520003133
X-n181-k23,X,cvrplib/X/X-n181-k23.vrp,181,25569.0,23,26149.0,2.268371856545035,23,1,4.339359995999985,1.0,0,True,clarke_wright_alns_vns,ok,,4.41057948300022
X-n200-k36,X,cvrplib/X/X-n200-k36.vrp,,,,,,,,,,0,,,error,ValueError: Unable to pack customer 106 into 36 routes,0.13298906399995758
X-n195-k51,X,cvrplib/X/X-n195-k51.vrp,195,44225.0,53,48627.0,9.953646127755794,53,1,1.3397100679994765,1.0,0,True,clarke_wright_alns_vns,ok,,1.4056551209996542
X-n204-k19,X,cvrplib/X/X-n204-k19.vrp,204,19565.0,19,21260.0,8.663429593662151,19,10,1.0473316930001602,1.0,0,True,clarke_wright_alns_vns,ok,,1.1529406360004941
X-n209-k16,X,cvrplib/X/X-n209-k16.vrp,209,30656.0,16,32510.0,6.047755741127349,16,9,1.1123065000001588,1.0,0,True,clarke_wright_alns_vns,ok,,1.1734453729995948
X-n214-k11,X,cvrplib/X/X-n214-k11.vrp,214,10856.0,11,22457.0,106.86256448047162,11,11,1.021518620000279,1.0,0,True,clarke_wright_alns_vns,ok,,1.1039261819996682
X-n219-k73,X,cvrplib/X/X-n219-k73.vrp,219,117595.0,73,118364.0,0.6539393681704154,73,13,1.0247727169999052,1.0,0,True,clarke_wright_alns_vns,ok,,1.0895717849998618
X-n223-k34,X,cvrplib/X/X-n223-k34.vrp,223,40437.0,34,62233.0,53.901130153077624,34,8,1.0189316619998863,1.0,0,True,clarke_wright_alns_vns,ok,,1.1561707529999694
X-n228-k23,X,cvrplib/X/X-n228-k23.vrp,228,25742.0,23,47680.0,85.22259342708415,23,6,1.0206095200001073,1.0,0,True,clarke_wright_alns_vns,ok,,1.0870558010001332
X-n233-k16,X,cvrplib/X/X-n233-k16.vrp,233,19230.0,17,20368.0,5.917836713468539,17,4,1.0320967040006508,1.0,0,True,clarke_wright_alns_vns,ok,,1.1811979029998838
X-n237-k14,X,cvrplib/X/X-n237-k14.vrp,237,27042.0,14,29837.0,10.335773981214407,14,6,1.1182567320001908,1.0,0,True,clarke_wright_alns_vns,ok,,1.2568699020002896
X-n242-k48,X,cvrplib/X/X-n242-k48.vrp,242,82751.0,48,120695.0,45.85322231755507,48,8,1.0837582509993808,1.0,0,True,clarke_wright_alns_vns,ok,,1.2347531310006161
X-n247-k50,X,cvrplib/X/X-n247-k50.vrp,247,37274.0,51,54050.0,45.007243655094705,51,7,1.1041746259998035,1.0,0,True,clarke_wright_alns_vns,ok,,1.201289382000141
X-n256-k16,X,cvrplib/X/X-n256-k16.vrp,,,,,,,,,,0,,,error,ValueError: Unable to pack customer 126 into 16 routes,0.12167410099937115
X-n251-k28,X,cvrplib/X/X-n251-k28.vrp,251,38684.0,28,40644.0,5.066694240512874,28,18,1.3500345890006429,1.0,0,True,clarke_wright_alns_vns,ok,,1.418505694000487
X-n261-k13,X,cvrplib/X/X-n261-k13.vrp,261,26558.0,13,28735.0,8.19715340010543,13,8,1.264176636999764,1.0,0,True,clarke_wright_alns_vns,ok,,1.3352613809993272
X-n266-k58,X,cvrplib/X/X-n266-k58.vrp,266,75478.0,58,130618.0,73.05439995760355,58,8,1.3153272719991946,1.0,0,True,clarke_wright_alns_vns,ok,,1.451564259999941
X-n270-k35,X,cvrplib/X/X-n270-k35.vrp,270,35291.0,36,60881.0,72.51140517412371,36,9,1.176577189999989,1.0,0,True,clarke_wright_alns_vns,ok,,1.2764294700000391
X-n275-k28,X,cvrplib/X/X-n275-k28.vrp,275,21245.0,28,22471.0,5.770769592845375,28,7,1.0794705540001814,1.0,0,True,clarke_wright_alns_vns,ok,,1.216506759999902
X-n280-k17,X,cvrplib/X/X-n280-k17.vrp,280,33503.0,17,36281.0,8.291794764647943,17,9,1.0123145110001133,1.0,0,True,clarke_wright_alns_vns,ok,,1.0800428729999112
X-n284-k15,X,cvrplib/X/X-n284-k15.vrp,284,20226.0,15,22218.0,9.84870958172649,15,5,1.2364173129999472,1.0,0,True,clarke_wright_alns_vns,ok,,1.3035560540001825
X-n289-k60,X,cvrplib/X/X-n289-k60.vrp,289,95151.0,61,148337.0,55.8964172735967,61,8,1.069926963999933,1.0,0,True,clarke_wright_alns_vns,ok,,1.1399877359999664
X-n294-k50,X,cvrplib/X/X-n294-k50.vrp,294,47161.0,51,97025.0,105.7314306312419,51,5,1.0308055160003278,1.0,0,True,clarke_wright_alns_vns,ok,,1.1768215140000393
X-n298-k31,X,cvrplib/X/X-n298-k31.vrp,298,34231.0,31,68248.0,99.3748356752651,31,6,1.3747255369999039,1.0,0,True,clarke_wright_alns_vns,ok,,1.4774153679991286
X-n303-k21,X,cvrplib/X/X-n303-k21.vrp,303,21736.0,21,23640.0,8.75966139124034,21,4,1.0063059389995033,1.0,0,True,clarke_wright_alns_vns,ok,,1.1537132820003535
X-n308-k13,X,cvrplib/X/X-n308-k13.vrp,308,25859.0,13,28414.0,9.880505820023975,13,6,1.260180137000134,1.0,0,True,clarke_wright_alns_vns,ok,,1.3266636389998894
X-n313-k71,X,cvrplib/X/X-n313-k71.vrp,313,94043.0,72,159878.0,70.0052103824846,71,7,1.1591412329999002,1.0,0,True,clarke_wright_alns_vns,ok,,1.3162493630006793
X-n322-k28,X,cvrplib/X/X-n322-k28.vrp,,,,,,,,,,0,,,error,ValueError: Unable to pack customer 140 into 28 routes,0.26044112900035543
X-n317-k53,X,cvrplib/X/X-n317-k53.vrp,317,78355.0,53,79651.0,1.6540105928147535,53,5,1.0142190189999383,1.0,0,True,clarke_wright_alns_vns,ok,,1.116707249000683
X-n327-k20,X,cvrplib/X/X-n327-k20.vrp,327,27532.0,20,29920.0,8.673543513003052,20,4,1.1414792059995307,1.0,0,True,clarke_wright_alns_vns,ok,,1.2718840210000053
X-n331-k15,X,cvrplib/X/X-n331-k15.vrp,331,31102.0,15,33858.0,8.861166484470452,15,5,1.0794664969998848,1.0,0,True,clarke_wright_alns_vns,ok,,1.146697927999412
X-n336-k84,X,cvrplib/X/X-n336-k84.vrp,336,139111.0,86,208484.0,49.868809799368854,86,4,1.0029588839997814,1.0,0,True,clarke_wright_alns_vns,ok,,1.0761242340004173
X-n344-k43,X,cvrplib/X/X-n344-k43.vrp,344,42050.0,43,119403.0,183.95481569560047,43,7,1.1644070660004218,1.0,0,True,clarke_wright_alns_vns,ok,,1.2640644450002583
X-n351-k40,X,cvrplib/X/X-n351-k40.vrp,351,25896.0,40,65723.0,153.795953042941,40,6,1.0795041179999316,1.0,0,True,clarke_wright_alns_vns,ok,,1.1515865370001848
X-n359-k29,X,cvrplib/X/X-n359-k29.vrp,359,51505.0,29,53615.0,4.096689641782351,29,4,1.0209665339998537,1.0,0,True,clarke_wright_alns_vns,ok,,1.0878271729998232
X-n367-k17,X,cvrplib/X/X-n367-k17.vrp,367,22814.0,17,41431.0,81.60340142018059,17,3,1.3623617059993194,1.0,0,True,clarke_wright_alns_vns,ok,,1.4251171770001747
X-n376-k94,X,cvrplib/X/X-n376-k94.vrp,376,147713.0,94,149358.0,1.1136460568805724,94,5,1.2388647460002176,1.0,0,True,clarke_wright_alns_vns,ok,,1.311829093999222
X-n384-k52,X,cvrplib/X/X-n384-k52.vrp,,,,,,,,,,0,,,error,ValueError: Unable to pack customer 363 into 53 routes,0.1742185100001734
X-n393-k38,X,cvrplib/X/X-n393-k38.vrp,393,38260.0,38,93581.0,144.5922634605332,38,3,1.192514415000005,1.0,0,True,clarke_wright_alns_vns,ok,,1.2627151490005417
X-n401-k29,X,cvrplib/X/X-n401-k29.vrp,401,66154.0,29,68673.0,3.8077818423678087,29,5,1.2208471990006728,1.0,0,True,clarke_wright_alns_vns,ok,,1.2982263630001398
X-n420-k130,X,cvrplib/X/X-n420-k130.vrp,420,107798.0,130,181229.0,68.11907456539082,130,6,1.2080411189999722,1.0,0,True,clarke_wright_alns_vns,ok,,1.2784143910002967
X-n411-k19,X,cvrplib/X/X-n411-k19.vrp,411,19712.0,19,22057.0,11.896306818181818,19,4,1.5190791519999038,1.0,0,True,clarke_wright_alns_vns,ok,,1.5981396520000999
X-n429-k61,X,cvrplib/X/X-n429-k61.vrp,,,,,,,,,,0,,,error,ValueError: Unable to pack customer 314 into 62 routes,0.21338898799967865
X-n449-k29,X,cvrplib/X/X-n449-k29.vrp,449,55233.0,29,113048.0,104.67474154943604,29,2,1.1921891179999875,1.0,0,True,clarke_wright_alns_vns,ok,,1.2692473979996066
X-n439-k37,X,cvrplib/X/X-n439-k37.vrp,439,36391.0,37,38773.0,6.545574455222446,37,4,1.454731257000276,1.0,0,True,clarke_wright_alns_vns,ok,,1.5897334070004945
X-n469-k138,X,cvrplib/X/X-n469-k138.vrp,,,,,,,,,,0,,,error,ValueError: Unable to pack customer 404 into 139 routes,0.30598953400021855
X-n480-k70,X,cvrplib/X/X-n480-k70.vrp,,,,,,,,,,0,,,error,ValueError: Unable to pack customer 373 into 70 routes,0.37592363500061765
X-n459-k26,X,cvrplib/X/X-n459-k26.vrp,459,24139.0,26,58835.0,143.73420605658893,26,2,1.2383379659995626,1.0,0,True,clarke_wright_alns_vns,ok,,1.3149044040001172
X-n491-k59,X,cvrplib/X/X-n491-k59.vrp,491,66483.0,59,150732.0,126.7226208203601,59,4,1.2215434839999944,1.0,0,True,clarke_wright_alns_vns,ok,,1.3342893859999094
X-n502-k39,X,cvrplib/X/X-n502-k39.vrp,502,69226.0,39,71445.0,3.2054430416317565,39,3,1.2586685380001654,1.0,0,True,clarke_wright_alns_vns,ok,,1.3307158319994414
X-n513-k21,X,cvrplib/X/X-n513-k21.vrp,513,24201.0,21,27312.0,12.85484070906161,21,4,2.0615453519994844,1.0,0,True,clarke_wright_alns_vns,ok,,2.1427263779996792
X-n524-k153,X,cvrplib/X/X-n524-k153.vrp,524,154593.0,155,248356.0,60.65151720970549,154,3,1.9665612740000142,1.0,0,True,clarke_wright_alns_vns,ok,,2.136424629999965
X-n548-k50,X,cvrplib/X/X-n548-k50.vrp,548,86700.0,50,89659.0,3.412918108419839,50,4,1.658571471999494,1.0,0,True,clarke_wright_alns_vns,ok,,1.7832723719993737
X-n536-k96,X,cvrplib/X/X-n536-k96.vrp,536,94846.0,96,214311.0,125.95681420407819,96,3,2.2074388940000063,1.0,0,True,clarke_wright_alns_vns,ok,,2.3652964800003247
X-n561-k42,X,cvrplib/X/X-n561-k42.vrp,561,42717.0,42,45745.0,7.088512770091533,42,3,1.3457272499999817,1.0,0,True,clarke_wright_alns_vns,ok,,1.4809225410008366
X-n586-k159,X,cvrplib/X/X-n586-k159.vrp,,,,,,,,,,0,,,error,ValueError: Unable to pack customer 365 into 159 routes,0.34411348000048747
X-n573-k30,X,cvrplib/X/X-n573-k30.vrp,573,50673.0,30,52495.0,3.5956031811813,30,3,1.5603894360001505,1.0,0,True,clarke_wright_alns_vns,ok,,1.724187386000267
X-n599-k92,X,cvrplib/X/X-n599-k92.vrp,,,,,,,,,,0,,,error,ValueError: Unable to pack customer 523 into 93 routes,0.4002584170002592
X-n627-k43,X,cvrplib/X/X-n627-k43.vrp,,,,,,,,,,0,,,error,ValueError: Unable to pack customer 624 into 43 routes,0.4576477110003907
X-n613-k62,X,cvrplib/X/X-n613-k62.vrp,613,59535.0,62,163911.0,175.31872008062484,62,3,1.3427154259998133,1.0,0,True,clarke_wright_alns_vns,ok,,1.460738539999511
X-n641-k35,X,cvrplib/X/X-n641-k35.vrp,641,63684.0,35,68211.0,7.108535895986432,35,2,1.2085292769997977,1.0,0,True,clarke_wright_alns_vns,ok,,1.2879923009995764
X-n655-k131,X,cvrplib/X/X-n655-k131.vrp,655,106780.0,131,108223.0,1.3513766622963101,131,3,1.3835525849999613,1.0,0,True,clarke_wright_alns_vns,ok,,1.4537112280004294
X-n670-k130,X,cvrplib/X/X-n670-k130.vrp,670,146332.0,133,288086.0,96.87149769018396,133,2,2.070832330000485,1.0,0,True,clarke_wright_alns_vns,ok,,2.153566134000357
X-n685-k75,X,cvrplib/X/X-n685-k75.vrp,685,68205.0,75,187237.0,174.52092955061946,75,2,1.2004131520006922,1.0,0,True,clarke_wright_alns_vns,ok,,1.2904152159999285
X-n701-k44,X,cvrplib/X/X-n701-k44.vrp,701,81923.0,44,85482.0,4.344323328003124,44,2,1.3527826809995531,1.0,0,True,clarke_wright_alns_vns,ok,,1.5072752179994495
X-n716-k35,X,cvrplib/X/X-n716-k35.vrp,716,43373.0,35,45645.0,5.2382818804325275,35,3,1.55370904099982,1.0,0,True,clarke_wright_alns_vns,ok,,1.665900142999817
X-n733-k159,X,cvrplib/X/X-n733-k159.vrp,733,136187.0,160,340855.0,150.2845352346406,160,3,1.305150744000457,1.0,0,True,clarke_wright_alns_vns,ok,,1.4677143110002362
X-n749-k98,X,cvrplib/X/X-n749-k98.vrp,749,77269.0,98,175704.0,127.39261540850795,98,2,1.1117798000004768,1.0,0,True,clarke_wright_alns_vns,ok,,1.2992303210003229
X-n766-k71,X,cvrplib/X/X-n766-k71.vrp,766,114417.0,71,201810.0,76.38113217441465,71,2,1.7937359409997953,1.0,0,True,clarke_wright_alns_vns,ok,,1.9840560840002581
X-n783-k48,X,cvrplib/X/X-n783-k48.vrp,783,72386.0,48,160399.0,121.58842870168264,48,3,1.9219269559998793,1.0,0,True,clarke_wright_alns_vns,ok,,2.0542878900005235
X-n819-k171,X,cvrplib/X/X-n819-k171.vrp,,,,,,,,,,0,,,error,ValueError: Unable to pack customer 676 into 172 routes,0.6461226229994281
X-n837-k142,X,cvrplib/X/X-n837-k142.vrp,,,,,,,,,,0,,,error,ValueError: Unable to pack customer 487 into 142 routes,0.7244336129997464
X-n801-k40,X,cvrplib/X/X-n801-k40.vrp,801,73311.0,40,77277.0,5.409829357122396,40,2,2.5389938429998438,1.0,0,True,clarke_wright_alns_vns,ok,,2.62023097600013
X-n856-k95,X,cvrplib/X/X-n856-k95.vrp,856,88965.0,95,92470.0,3.939751587703029,95,2,1.6440445770003862,1.0,0,True,clarke_wright_alns_vns,ok,,1.7554737589998695
X-n876-k59,X,cvrplib/X/X-n876-k59.vrp,876,99299.0,59,102101.0,2.82178068258492,59,2,1.654255118999572,1.0,0,True,clarke_wright_alns_vns,ok,,1.751866338999207
X-n916-k207,X,cvrplib/X/X-n916-k207.vrp,,,,,,,,,,0,,,error,ValueError: Unable to pack customer 621 into 207 routes,1.0166211099995053
X-n895-k37,X,cvrplib/X/X-n895-k37.vrp,895,53860.0,38,58834.0,9.235053843297438,38,2,2.271869625999898,1.0,0,True,clarke_wright_alns_vns,ok,,2.4866867299997466
X-n936-k151,X,cvrplib/X/X-n936-k151.vrp,936,132715.0,157,309677.0,133.33986361752628,153,1,1.4637922780002555,1.0,0,True,clarke_wright_alns_vns,ok,,1.5641094250004244
X-n979-k58,X,cvrplib/X/X-n979-k58.vrp,979,118976.0,58,196086.0,64.81139053254438,58,2,1.0790576100007456,1.0,0,True,clarke_wright_alns_vns,ok,,1.1847062859997095
X-n10001-k1570,XL,cvrplib/XL/XL-n10001-k1570.vrp,10001,,,5154791.0,,1706,0,0.021671675999641593,0.0,0,True,sweep_construction_only,ok,,0.10343801700037147
X-n1048-k237,XL,cvrplib/XL/XL-n1048-k237.vrp,1048,,,703927.0,,304,0,0.001847135000389244,0.0,0,True,sweep_construction_only,ok,,0.10997344099996553
X-n1094-k157,XL,cvrplib/XL/XL-n1094-k157.vrp,1094,,,239164.0,,157,0,0.0012588099998538382,0.0,0,True,sweep_construction_only,ok,,0.11133106600027531
X-n1141-k112,XL,cvrplib/XL/XL-n1141-k112.vrp,1141,,,233978.0,,119,0,0.001268825000806828,0.0,0,True,sweep_construction_only,ok,,0.11472624399993947
X-n957-k87,X,cvrplib/X/X-n957-k87.vrp,957,85465.0,87,89291.0,4.4766863628385885,87,2,2.8050821390006604,1.0,0,True,clarke_wright_alns_vns,ok,,3.0306875229998695
X-n1188-k96,XL,cvrplib/XL/XL-n1188-k96.vrp,1188,,,256897.0,,101,0,0.0013105569996696431,0.0,0,True,sweep_construction_only,ok,,0.1170027090001895
X-n1234-k55,XL,cvrplib/XL/XL-n1234-k55.vrp,1234,,,455849.0,,56,0,0.001777258000402071,0.0,0,True,sweep_construction_only,ok,,0.16022852700007206
X-n1281-k29,XL,cvrplib/XL/XL-n1281-k29.vrp,1281,,,147457.0,,29,0,0.0017286820002482273,0.0,0,True,sweep_construction_only,ok,,0.12808773800043127
X-n1374-k278,XL,cvrplib/XL/XL-n1374-k278.vrp,1374,,,407560.0,,322,0,0.0019181690004188567,0.0,0,True,sweep_construction_only,ok,,0.13835508699958154
X-n1328-k19,XL,cvrplib/XL/XL-n1328-k19.vrp,1328,,,279760.0,,19,0,0.0013522250001187786,0.0,0,True,sweep_construction_only,ok,,0.2296516509995854
X-n1421-k232,XL,cvrplib/XL/XL-n1421-k232.vrp,1421,,,589061.0,,259,0,0.001983571999517153,0.0,0,True,sweep_construction_only,ok,,0.14399199899980886
X-n1468-k151,XL,cvrplib/XL/XL-n1468-k151.vrp,1468,,,637907.0,,160,0,0.0020803789993806276,0.0,0,True,sweep_construction_only,ok,,0.1413567959998545
X-n1514-k106,XL,cvrplib/XL/XL-n1514-k106.vrp,1514,,,279758.0,,109,0,0.001530693999484356,0.0,0,True,sweep_construction_only,ok,,0.14303313200070988
X-n1561-k75,XL,cvrplib/XL/XL-n1561-k75.vrp,1561,,,257227.0,,75,0,0.001572328000293055,0.0,0,True,sweep_construction_only,ok,,0.15195636799944623
X-n1608-k39,XL,cvrplib/XL/XL-n1608-k39.vrp,1608,,,223716.0,,40,0,0.0018800879997797892,0.0,0,True,sweep_construction_only,ok,,0.15654136300054233
X-n1654-k11,XL,cvrplib/XL/XL-n1654-k11.vrp,1654,,,518756.0,,11,0,0.00185729600070772,0.0,0,True,sweep_construction_only,ok,,0.19796552799925848
X-n1701-k562,XL,cvrplib/XL/XL-n1701-k562.vrp,1701,,,760549.0,,684,0,0.0023366939994957647,0.0,0,True,sweep_construction_only,ok,,0.2084575489998315
X-n1794-k163,XL,cvrplib/XL/XL-n1794-k163.vrp,1794,,,376700.0,,163,0,0.001836182000261033,0.0,0,True,sweep_construction_only,ok,,0.19248773900017113
X-n1748-k271,XL,cvrplib/XL/XL-n1748-k271.vrp,1748,,,310419.0,,303,0,0.0020364319998407154,0.0,0,True,sweep_construction_only,ok,,0.35930940600064787
X-n1841-k126,XL,cvrplib/XL/XL-n1841-k126.vrp,1841,,,663695.0,,143,0,0.0018594089997350238,0.0,0,True,sweep_construction_only,ok,,0.2295111760004147
X-n1888-k82,XL,cvrplib/XL/XL-n1888-k82.vrp,1888,,,679418.0,,83,0,0.001792306999959692,0.0,0,True,sweep_construction_only,ok,,0.20532081100009236
X-n1934-k46,XL,cvrplib/XL/XL-n1934-k46.vrp,1934,,,204437.0,,47,0,0.0024776099999144208,0.0,0,True,sweep_construction_only,ok,,0.18312101999981678
X-n1981-k13,XL,cvrplib/XL/XL-n1981-k13.vrp,1981,,,253373.0,,13,0,0.001899322000099346,0.0,0,True,sweep_construction_only,ok,,0.33992095299981884
X-n2028-k617,XL,cvrplib/XL/XL-n2028-k617.vrp,2028,,,761677.0,,729,0,0.002876653999919654,0.0,0,True,sweep_construction_only,ok,,0.20278888900065795
X-n2074-k264,XL,cvrplib/XL/XL-n2074-k264.vrp,2074,,,1016108.0,,287,0,0.002228363000540412,0.0,0,True,sweep_construction_only,ok,,0.20504955799970048
X-n2121-k186,XL,cvrplib/XL/XL-n2121-k186.vrp,2121,,,780221.0,,196,0,0.0027150840005560894,0.0,0,True,sweep_construction_only,ok,,0.2184502189993509
X-n2214-k131,XL,cvrplib/XL/XL-n2214-k131.vrp,2214,,,389352.0,,131,0,0.0021012939996580826,0.0,0,True,sweep_construction_only,ok,,0.22798229299951345
X-n2168-k138,XL,cvrplib/XL/XL-n2168-k138.vrp,2168,,,415940.0,,144,0,0.0022090270003900514,0.0,0,True,sweep_construction_only,ok,,0.31238817299981747
X-n2261-k54,XL,cvrplib/XL/XL-n2261-k54.vrp,2261,,,632543.0,,54,0,0.002162908000173047,0.0,0,True,sweep_construction_only,ok,,0.22750716900009138
X-n2307-k34,XL,cvrplib/XL/XL-n2307-k34.vrp,2307,,,379889.0,,34,0,0.0028691400002571754,0.0,0,True,sweep_construction_only,ok,,0.3606929460001993
X-n2354-k631,XL,cvrplib/XL/XL-n2354-k631.vrp,2354,,,1350621.0,,719,0,0.004002333999778784,0.0,0,True,sweep_construction_only,ok,,0.2576522070003193
X-n2401-k408,XL,cvrplib/XL/XL-n2401-k408.vrp,2401,,,911021.0,,462,0,0.003699128999869572,0.0,0,True,sweep_construction_only,ok,,0.28798413000004075
X-n2447-k290,XL,cvrplib/XL/XL-n2447-k290.vrp,2447,,,530352.0,,371,0,0.0037553290003415896,0.0,0,True,sweep_construction_only,ok,,0.4193030879996513
X-n2494-k194,XL,cvrplib/XL/XL-n2494-k194.vrp,2494,,,584157.0,,205,0,0.0026639830002750386,0.0,0,True,sweep_construction_only,ok,,0.510493482000129
X-n2541-k121,XL,cvrplib/XL/XL-n2541-k121.vrp,2541,,,598013.0,,121,0,0.0024328070003321045,0.0,0,True,sweep_construction_only,ok,,0.33383493200017256
X-n2587-k66,XL,cvrplib/XL/XL-n2587-k66.vrp,2587,,,440851.0,,66,0,0.003237422999518458,0.0,0,True,sweep_construction_only,ok,,0.2940892590004296
X-n2634-k17,XL,cvrplib/XL/XL-n2634-k17.vrp,2634,,,455592.0,,17,0,0.0028956480000488227,0.0,0,True,sweep_construction_only,ok,,0.42066319300010946
X-n2681-k540,XL,cvrplib/XL/XL-n2681-k540.vrp,2681,,,1353848.0,,622,0,0.0030578389996662736,0.0,0,True,sweep_construction_only,ok,,0.30768897100006143
X-n2727-k546,XL,cvrplib/XL/XL-n2727-k546.vrp,2727,,,708644.0,,546,0,0.003064155999709328,0.0,0,True,sweep_construction_only,ok,,0.3706141140000909
X-n2774-k286,XL,cvrplib/XL/XL-n2774-k286.vrp,2774,,,814479.0,,302,0,0.002948643000308948,0.0,0,True,sweep_construction_only,ok,,0.37111244199968496
X-n2821-k208,XL,cvrplib/XL/XL-n2821-k208.vrp,2821,,,715263.0,,246,0,0.0034691359996941173,0.0,0,True,sweep_construction_only,ok,,0.30396298699997715
X-n2867-k120,XL,cvrplib/XL/XL-n2867-k120.vrp,2867,,,785463.0,,123,0,0.003940055999919423,0.0,0,True,sweep_construction_only,ok,,0.5572447630001989
X-n2914-k95,XL,cvrplib/XL/XL-n2914-k95.vrp,2914,,,465960.0,,97,0,0.002935145000265038,0.0,0,True,sweep_construction_only,ok,,0.39960854400032986
X-n2961-k55,XL,cvrplib/XL/XL-n2961-k55.vrp,2961,,,944843.0,,56,0,0.003791654999986349,0.0,0,True,sweep_construction_only,ok,,0.3218683389995931
X-n3007-k658,XL,cvrplib/XL/XL-n3007-k658.vrp,3007,,,919972.0,,752,0,0.008604159999777039,0.0,0,True,sweep_construction_only,ok,,0.6487566819996573
X-n3054-k461,XL,cvrplib/XL/XL-n3054-k461.vrp,3054,,,1466493.0,,498,0,0.0035071060001428123,0.0,0,True,sweep_construction_only,ok,,0.7322342759998719
X-n3101-k311,XL,cvrplib/XL/XL-n3101-k311.vrp,3101,,,522279.0,,382,0,0.004154706000008446,0.0,0,True,sweep_construction_only,ok,,0.3545484090000173
X-n3194-k161,XL,cvrplib/XL/XL-n3194-k161.vrp,3194,,,598441.0,,166,0,0.003297627000392822,0.0,0,True,sweep_construction_only,ok,,0.371342082999945
X-n3147-k232,XL,cvrplib/XL/XL-n3147-k232.vrp,3147,,,827741.0,,239,0,0.004061058999468514,0.0,0,True,sweep_construction_only,ok,,0.4191928820000612
X-n3287-k30,XL,cvrplib/XL/XL-n3287-k30.vrp,3287,,,285515.0,,30,0,0.00457926499984751,0.0,0,True,sweep_construction_only,ok,,0.36963170699982584
X-n3241-k115,XL,cvrplib/XL/XL-n3241-k115.vrp,3241,,,584547.0,,118,0,0.003839023000182351,0.0,0,True,sweep_construction_only,ok,,0.4569495100004133
X-n3334-k934,XL,cvrplib/XL/XL-n3334-k934.vrp,3334,,,2368210.0,,1092,0,0.004160340999987966,0.0,0,True,sweep_construction_only,ok,,0.37739498100017954
X-n3408-k524,XL,cvrplib/XL/XL-n3408-k524.vrp,3408,,,1214842.0,,579,0,0.005320235999533907,0.0,0,True,sweep_construction_only,ok,,0.43129204100023344
X-n3484-k436,XL,cvrplib/XL/XL-n3484-k436.vrp,3484,,,1112595.0,,436,0,0.004212212999846088,0.0,0,True,sweep_construction_only,ok,,0.5716867740002272
X-n3561-k229,XL,cvrplib/XL/XL-n3561-k229.vrp,3561,,,626668.0,,240,0,0.004010915999970166,0.0,0,True,sweep_construction_only,ok,,0.6059129499999472
X-n3640-k211,XL,cvrplib/XL/XL-n3640-k211.vrp,3640,,,682028.0,,217,0,0.0048889220006458345,0.0,0,True,sweep_construction_only,ok,,0.6795733540002402
X-n3721-k77,XL,cvrplib/XL/XL-n3721-k77.vrp,3721,,,1015634.0,,79,0,0.0045069210000292514,0.0,0,True,sweep_construction_only,ok,,0.679917026000112
X-n3804-k29,XL,cvrplib/XL/XL-n3804-k29.vrp,3804,,,596933.0,,29,0,0.004467874000511074,0.0,0,True,sweep_construction_only,ok,,0.6025768139998036
X-n3888-k1010,XL,cvrplib/XL/XL-n3888-k1010.vrp,3888,,,2573292.0,,1292,0,0.006693584999993618,0.0,0,True,sweep_construction_only,ok,,0.5767332520008495
X-n3975-k687,XL,cvrplib/XL/XL-n3975-k687.vrp,3975,,,1030132.0,,762,0,0.004671508999308571,0.0,0,True,sweep_construction_only,ok,,0.539191624000523
X-n4063-k347,XL,cvrplib/XL/XL-n4063-k347.vrp,4063,,,1683404.0,,367,0,0.004249415999765915,0.0,0,True,sweep_construction_only,ok,,0.592729515999963
X-n4153-k291,XL,cvrplib/XL/XL-n4153-k291.vrp,4153,,,713262.0,,305,0,0.00570755500029918,0.0,0,True,sweep_construction_only,ok,,0.6630227759997069
X-n4245-k203,XL,cvrplib/XL/XL-n4245-k203.vrp,4245,,,1013939.0,,203,0,0.0063674169996374985,0.0,0,True,sweep_construction_only,ok,,0.647837385999992
X-n4340-k148,XL,cvrplib/XL/XL-n4340-k148.vrp,4340,,,1507223.0,,151,0,0.005867445000149019,0.0,0,True,sweep_construction_only,ok,,0.6724100809997253
X-n4436-k48,XL,cvrplib/XL/XL-n4436-k48.vrp,4436,,,387482.0,,48,0,0.0044499249997898005,0.0,0,True,sweep_construction_only,ok,,0.9339055730006294
X-n4535-k1134,XL,cvrplib/XL/XL-n4535-k1134.vrp,4535,,,1613162.0,,1134,0,0.006605825999940862,0.0,0,True,sweep_construction_only,ok,,0.8529235919995699
X-n4635-k790,XL,cvrplib/XL/XL-n4635-k790.vrp,4635,,,1237581.0,,888,0,0.007500900000195543,0.0,0,True,sweep_construction_only,ok,,0.8343303169995124
X-n4738-k487,XL,cvrplib/XL/XL-n4738-k487.vrp,4738,,,2061975.0,,521,0,0.0055943050001587835,0.0,0,True,sweep_construction_only,ok,,0.9131475909998699
X-n4844-k321,XL,cvrplib/XL/XL-n4844-k321.vrp,4844,,,1455970.0,,370,0,0.006776268000066921,0.0,0,True,sweep_construction_only,ok,,0.8523786570003722
X-n5061-k184,XL,cvrplib/XL/XL-n5061-k184.vrp,5061,,,610921.0,,187,0,0.008594171999902755,0.0,0,True,sweep_construction_only,ok,,0.0782281290003084
X-n5174-k55,XL,cvrplib/XL/XL-n5174-k55.vrp,5174,,,715873.0,,56,0,0.005852002999745309,0.0,0,True,sweep_construction_only,ok,,0.08442740099962975
X-n5288-k1246,XL,cvrplib/XL/XL-n5288-k1246.vrp,5288,,,3337845.0,,1417,0,0.009690615999716101,0.0,0,True,sweep_construction_only,ok,,0.0856553610001356
X-n5406-k783,XL,cvrplib/XL/XL-n5406-k783.vrp,5406,,,1907723.0,,850,0,0.008502575999955297,0.0,0,True,sweep_construction_only,ok,,0.07593976600037422
X-n5526-k553,XL,cvrplib/XL/XL-n5526-k553.vrp,5526,,,877622.0,,553,0,0.009236040000359935,0.0,0,True,sweep_construction_only,ok,,0.08706372399956308
X-n4951-k203,XL,cvrplib/XL/XL-n4951-k203.vrp,4951,,,1744091.0,,207,0,0.006706499999381776,0.0,0,True,sweep_construction_only,ok,,0.8898469380001188
X-n5649-k401,XL,cvrplib/XL/XL-n5649-k401.vrp,5649,,,2290142.0,,465,0,0.0074264069999117055,0.0,0,True,sweep_construction_only,ok,,0.08129468700008147
X-n5774-k290,XL,cvrplib/XL/XL-n5774-k290.vrp,5774,,,1002083.0,,301,0,0.007195305000095686,0.0,0,True,sweep_construction_only,ok,,0.08289647800029343
X-n5902-k122,XL,cvrplib/XL/XL-n5902-k122.vrp,5902,,,1912230.0,,123,0,0.016113868000502407,0.0,0,True,sweep_construction_only,ok,,0.182664756000122
X-n6034-k61,XL,cvrplib/XL/XL-n6034-k61.vrp,6034,,,669884.0,,62,0,0.016185765999580326,0.0,0,True,sweep_construction_only,ok,,0.17192901799990068
X-n6168-k1922,XL,cvrplib/XL/XL-n6168-k1922.vrp,6168,,,2422400.0,,2432,0,0.0115731109999615,0.0,0,True,sweep_construction_only,ok,,0.11927095600003668
X-n6305-k1042,XL,cvrplib/XL/XL-n6305-k1042.vrp,6305,,,2174425.0,,1177,0,0.01158546200076671,0.0,0,True,sweep_construction_only,ok,,0.08068926799933251
X-n6445-k628,XL,cvrplib/XL/XL-n6445-k628.vrp,6445,,,2814374.0,,659,0,0.011395376000109536,0.0,0,True,sweep_construction_only,ok,,0.164814538000428
X-n6588-k473,XL,cvrplib/XL/XL-n6588-k473.vrp,6588,,,1097043.0,,493,0,0.023085861000254226,0.0,0,True,sweep_construction_only,ok,,0.17645012800039694
X-n6734-k330,XL,cvrplib/XL/XL-n6734-k330.vrp,6734,,,1756213.0,,338,0,0.017766029999620514,0.0,0,True,sweep_construction_only,ok,,0.17071714300072927
X-n6884-k148,XL,cvrplib/XL/XL-n6884-k148.vrp,6884,,,1109809.0,,156,0,0.02016536300016014,0.0,0,True,sweep_construction_only,ok,,0.1310983599996689
X-n7037-k38,XL,cvrplib/XL/XL-n7037-k38.vrp,7037,,,1119646.0,,38,0,0.010399446999144857,0.0,0,True,sweep_construction_only,ok,,0.08099028600008751
X-n7193-k1683,XL,cvrplib/XL/XL-n7193-k1683.vrp,7193,,,4470977.0,,1888,0,0.011666519999380398,0.0,0,True,sweep_construction_only,ok,,0.07898203500008094
X-n7353-k1471,XL,cvrplib/XL/XL-n7353-k1471.vrp,7353,,,2708698.0,,1471,0,0.01190156200027559,0.0,0,True,sweep_construction_only,ok,,0.08809752599972853
X-n7516-k859,XL,cvrplib/XL/XL-n7516-k859.vrp,7516,,,1206958.0,,925,0,0.023968530999809445,0.0,0,True,sweep_construction_only,ok,,0.17455903700010822
X-n7683-k602,XL,cvrplib/XL/XL-n7683-k602.vrp,7683,,,1857105.0,,628,0,0.026509831000112172,0.0,0,True,sweep_construction_only,ok,,0.18078302899994014
X-n7854-k365,XL,cvrplib/XL/XL-n7854-k365.vrp,7854,,,1438306.0,,397,0,0.012642130000131147,0.0,0,True,sweep_construction_only,ok,,0.13382911200005765
X-n8028-k294,XL,cvrplib/XL/XL-n8028-k294.vrp,8028,,,1396281.0,,301,0,0.01285232400005043,0.0,0,True,sweep_construction_only,ok,,0.08378362499934155
X-n8207-k108,XL,cvrplib/XL/XL-n8207-k108.vrp,8207,,,778779.0,,109,0,0.02499948900003801,0.0,0,True,sweep_construction_only,ok,,0.17499923199920886
X-n8389-k2028,XL,cvrplib/XL/XL-n8389-k2028.vrp,8389,,,5414385.0,,2407,0,0.03880719599965232,0.0,0,True,sweep_construction_only,ok,,0.19571421399996325
X-n8575-k1297,XL,cvrplib/XL/XL-n8575-k1297.vrp,8575,,,2307251.0,,1414,0,0.03408779300025344,0.0,0,True,sweep_construction_only,ok,,0.14354375299990352
X-n8766-k1032,XL,cvrplib/XL/XL-n8766-k1032.vrp,8766,,,2049433.0,,1097,0,0.03192329699959373,0.0,0,True,sweep_construction_only,ok,,0.19108360599966545
X-n8960-k634,XL,cvrplib/XL/XL-n8960-k634.vrp,8960,,,3097423.0,,655,0,0.03179305599951476,0.0,0,True,sweep_construction_only,ok,,0.14143846100068913
X-n9160-k379,XL,cvrplib/XL/XL-n9160-k379.vrp,9160,,,1657342.0,,415,0,0.025406456999917282,0.0,0,True,sweep_construction_only,ok,,0.1500580820002142
X-n9363-k209,XL,cvrplib/XL/XL-n9363-k209.vrp,9363,,,1301608.0,,209,0,0.014645551000285195,0.0,0,True,sweep_construction_only,ok,,0.13306198400005087
X-n9571-k55,XL,cvrplib/XL/XL-n9571-k55.vrp,9571,,,2230942.0,,56,0,0.024811350000163657,0.0,0,True,sweep_construction_only,ok,,0.14983426700018754
X-n9784-k2774,XL,cvrplib/XL/XL-n9784-k2774.vrp,9784,,,6428658.0,,3265,0,0.01994770600049378,0.0,0,True,sweep_construction_only,ok,,0.10001434600053472
XML100_1111_01,XML,cvrplib/XML/XML100_1111_01.vrp,101,,,30613.0,,25,0,0.004477546999623883,0.0,0,True,clarke_wright_construction_only,ok,,0.08900838299996394
XML100_1111_02,XML,cvrplib/XML/XML100_1111_02.vrp,101,,,39206.0,,25,0,0.00865848399917013,0.0,0,True,clarke_wright_construction_only,ok,,0.15068231300028856
XML100_1111_03,XML,cvrplib/XML/XML100_1111_03.vrp,101,,,26902.0,,25,0,0.0060249839998505195,0.0,0,True,clarke_wright_construction_only,ok,,0.074060873000235
XML100_1111_05,XML,cvrplib/XML/XML100_1111_05.vrp,101,,,33606.0,,25,0,0.005065241999545833,0.0,0,True,clarke_wright_construction_only,ok,,0.07142794499941374
XML100_1111_04,XML,cvrplib/XML/XML100_1111_04.vrp,101,,,38100.0,,34,0,0.006088714000725304,0.0,0,True,clarke_wright_construction_only,ok,,0.12427469900012511
XML100_1111_07,XML,cvrplib/XML/XML100_1111_07.vrp,101,,,43734.0,,34,0,0.004856364000261237,0.0,0,True,clarke_wright_construction_only,ok,,0.06670479999957024
XML100_1111_06,XML,cvrplib/XML/XML100_1111_06.vrp,101,,,27836.0,,25,0,0.009823008999774174,0.0,0,True,clarke_wright_construction_only,ok,,0.15153739800007315
XML100_1111_08,XML,cvrplib/XML/XML100_1111_08.vrp,101,,,30775.0,,25,0,0.006121409000115818,0.0,0,True,clarke_wright_construction_only,ok,,0.06608493600015208
XML100_1111_10,XML,cvrplib/XML/XML100_1111_10.vrp,101,,,34323.0,,34,0,0.0049112939996120986,0.0,0,True,clarke_wright_construction_only,ok,,0.06545996200020454
XML100_1111_09,XML,cvrplib/XML/XML100_1111_09.vrp,101,,,45335.0,,34,0,0.004781801999342861,0.0,0,True,clarke_wright_construction_only,ok,,0.14722442199945363
XML100_1111_12,XML,cvrplib/XML/XML100_1111_12.vrp,101,,,33666.0,,25,0,0.006080049000047438,0.0,0,True,clarke_wright_construction_only,ok,,0.09859139500076708
XML100_1111_11,XML,cvrplib/XML/XML100_1111_11.vrp,101,,,33863.0,,25,0,0.009511572000519664,0.0,0,True,clarke_wright_construction_only,ok,,0.1536632389997976
XML100_1111_13,XML,cvrplib/XML/XML100_1111_13.vrp,101,,,32368.0,,25,0,0.01553612499992596,0.0,0,True,clarke_wright_construction_only,ok,,0.16794171899982757
XML100_1111_14,XML,cvrplib/XML/XML100_1111_14.vrp,101,,,34121.0,,25,0,0.0059343279999666265,0.0,0,True,clarke_wright_construction_only,ok,,0.16643996899983904
XML100_1111_16,XML,cvrplib/XML/XML100_1111_16.vrp,101,,,30206.0,,34,0,0.004247352000675164,0.0,0,True,clarke_wright_construction_only,ok,,0.06859975399947871
XML100_1111_15,XML,cvrplib/XML/XML100_1111_15.vrp,101,,,39724.0,,34,0,0.010147300999960862,0.0,0,True,clarke_wright_construction_only,ok,,0.15035770699978457
XML100_1111_18,XML,cvrplib/XML/XML100_1111_18.vrp,101,,,29606.0,,26,0,0.0056516140002713655,0.0,0,True,clarke_wright_construction_only,ok,,0.06492139700003463
XML100_1111_17,XML,cvrplib/XML/XML100_1111_17.vrp,101,,,34478.0,,25,0,0.017643053999563563,0.0,0,True,clarke_wright_construction_only,ok,,0.14696302199990896
XML100_1111_19,XML,cvrplib/XML/XML100_1111_19.vrp,101,,,23407.0,,25,0,0.005612519000351313,0.0,0,True,clarke_wright_construction_only,ok,,0.12065180100034922
XML100_1111_20,XML,cvrplib/XML/XML100_1111_20.vrp,101,,,36965.0,,25,0,0.005422406000434421,0.0,0,True,clarke_wright_construction_only,ok,,0.11199027099974046
XML100_1111_22,XML,cvrplib/XML/XML100_1111_22.vrp,101,,,56384.0,,34,0,0.005670549000569736,0.0,0,True,clarke_wright_construction_only,ok,,0.07411674899958598
XML100_1111_21,XML,cvrplib/XML/XML100_1111_21.vrp,101,,,25803.0,,25,0,0.009333007000350335,0.0,0,True,clarke_wright_construction_only,ok,,0.13820506799947907
XML100_1111_23,XML,cvrplib/XML/XML100_1111_23.vrp,101,,,37841.0,,25,0,0.006765946999621519,0.0,0,True,clarke_wright_construction_only,ok,,0.09550310000031459
XML100_1111_25,XML,cvrplib/XML/XML100_1111_25.vrp,101,,,34259.0,,25,0,0.005650127999615506,0.0,0,True,clarke_wright_construction_only,ok,,0.0698002320004889
XML100_1111_24,XML,cvrplib/XML/XML100_1111_24.vrp,101,,,37701.0,,25,0,0.015332461999605584,0.0,0,True,clarke_wright_construction_only,ok,,0.14288400700024795
XML100_1111_26,XML,cvrplib/XML/XML100_1111_26.vrp,101,,,38408.0,,34,0,0.00897125000028609,0.0,0,True,clarke_wright_construction_only,ok,,0.14311884600010671
XML100_1111_27,XML,cvrplib/XML/XML100_1111_27.vrp,101,,,35345.0,,25,0,0.010102818000632396,0.0,0,True,clarke_wright_construction_only,ok,,0.13687908399970183
XML100_1112_01,XML,cvrplib/XML/XML100_1112_01.vrp,101,,,25367.0,,20,0,0.004581203999805439,0.0,0,True,clarke_wright_construction_only,ok,,0.08049466600004962
XML100_1112_02,XML,cvrplib/XML/XML100_1112_02.vrp,101,,,23515.0,,17,0,0.006311682000159635,0.0,0,True,clarke_wright_construction_only,ok,,0.13474547199984954
XML100_1112_03,XML,cvrplib/XML/XML100_1112_03.vrp,101,,,27608.0,,20,0,0.007335979000345105,0.0,0,True,clarke_wright_construction_only,ok,,0.07399875600003725
XML100_1112_04,XML,cvrplib/XML/XML100_1112_04.vrp,101,,,21519.0,,20,0,0.006043899000360398,0.0,0,True,clarke_wright_construction_only,ok,,0.06975153399980627
XML100_1112_05,XML,cvrplib/XML/XML100_1112_05.vrp,101,,,28790.0,,20,0,0.009168284999759635,0.0,0,True,clarke_wright_construction_only,ok,,0.15364154999952007
XML100_1112_07,XML,cvrplib/XML/XML100_1112_07.vrp,101,,,23991.0,,17,0,0.006711554000503384,0.0,0,True,clarke_wright_construction_only,ok,,0.07847841500006325
XML100_1112_06,XML,cvrplib/XML/XML100_1112_06.vrp,101,,,23760.0,,17,0,0.010144027999558602,0.0,0,True,clarke_wright_construction_only,ok,,0.1663602050002737
XML100_1112_09,XML,cvrplib/XML/XML100_1112_09.vrp,101,,,25509.0,,15,0,0.00436307299969485,0.0,0,True,clarke_wright_construction_only,ok,,0.0701447849996839
XML100_1112_08,XML,cvrplib/XML/XML100_1112_08.vrp,101,,,22184.0,,15,0,0.005115512999509519,0.0,0,True,clarke_wright_construction_only,ok,,0.10869010599981266
XML100_1112_10,XML,cvrplib/XML/XML100_1112_10.vrp,101,,,26221.0,,20,0,0.004527412000243203,0.0,0,True,clarke_wright_construction_only,ok,,0.1334094809999442
XML100_1112_11,XML,cvrplib/XML/XML100_1112_11.vrp,101,,,23428.0,,17,0,0.00855476600008842,0.0,0,True,clarke_wright_construction_only,ok,,0.15176151899959223
XML100_1112_12,XML,cvrplib/XML/XML100_1112_12.vrp,101,,,20224.0,,17,0,0.0067226909995952155,0.0,0,True,clarke_wright_construction_only,ok,,0.07251247699969099
XML100_1112_13,XML,cvrplib/XML/XML100_1112_13.vrp,101,,,22353.0,,15,0,0.005801792000056594,0.0,0,True,clarke_wright_construction_only,ok,,0.09306462999938958
XML100_1112_14,XML,cvrplib/XML/XML100_1112_14.vrp,101,,,27006.0,,20,0,0.004360142999757954,0.0,0,True,clarke_wright_construction_only,ok,,0.09320084000046336
XML100_1112_15,XML,cvrplib/XML/XML100_1112_15.vrp,101,,,24965.0,,20,0,0.005997105999995256,0.0,0,True,clarke_wright_construction_only,ok,,0.07261117100006231
XML100_1112_16,XML,cvrplib/XML/XML100_1112_16.vrp,101,,,19823.0,,15,0,0.005408698999417538,0.0,0,True,clarke_wright_construction_only,ok,,0.07062917199982621
XML100_1112_17,XML,cvrplib/XML/XML100_1112_17.vrp,101,,,25421.0,,17,0,0.004742760999761231,0.0,0,True,clarke_wright_construction_only,ok,,0.07267531900015456
XML100_1112_18,XML,cvrplib/XML/XML100_1112_18.vrp,101,,,24431.0,,17,0,0.005760852000094019,0.0,0,True,clarke_wright_construction_only,ok,,0.0836246230001052
XML100_1112_19,XML,cvrplib/XML/XML100_1112_19.vrp,101,,,23385.0,,17,0,0.006155516000035277,0.0,0,True,clarke_wright_construction_only,ok,,0.15039671500016993
XML100_1112_20,XML,cvrplib/XML/XML100_1112_20.vrp,101,,,19474.0,,17,0,0.0057292640003652195,0.0,0,True,clarke_wright_construction_only,ok,,0.07521089200054121
XML100_1112_22,XML,cvrplib/XML/XML100_1112_22.vrp,101,,,24237.0,,17,0,0.0048307570004908484,0.0,0,True,clarke_wright_construction_only,ok,,0.07231828199928714
XML100_1112_21,XML,cvrplib/XML/XML100_1112_21.vrp,101,,,24580.0,,20,0,0.00515646999974706,0.0,0,True,clarke_wright_construction_only,ok,,0.11599657399983698
XML100_1112_23,XML,cvrplib/XML/XML100_1112_23.vrp,101,,,25669.0,,20,0,0.005220331000600709,0.0,0,True,clarke_wright_construction_only,ok,,0.08293558599962125
XML100_1112_24,XML,cvrplib/XML/XML100_1112_24.vrp,101,,,24810.0,,17,0,0.004388878999634471,0.0,0,True,clarke_wright_construction_only,ok,,0.0639333440003611
XML100_1112_25,XML,cvrplib/XML/XML100_1112_25.vrp,101,,,23081.0,,20,0,0.004603933999533183,0.0,0,True,clarke_wright_construction_only,ok,,0.1040223709997008
XML100_1112_26,XML,cvrplib/XML/XML100_1112_26.vrp,101,,,17746.0,,15,0,0.006386545000168553,0.0,0,True,clarke_wright_construction_only,ok,,0.10290079700007482
XML100_1112_27,XML,cvrplib/XML/XML100_1112_27.vrp,101,,,21642.0,,20,0,0.012413594999998168,0.0,0,True,clarke_wright_construction_only,ok,,0.17843617099970288
XML100_1113_01,XML,cvrplib/XML/XML100_1113_01.vrp,101,,,16114.0,,10,0,0.014999030999206298,0.0,0,True,clarke_wright_construction_only,ok,,0.1935920880005142
XML100_1113_02,XML,cvrplib/XML/XML100_1113_02.vrp,101,,,13784.0,,10,0,0.004318590999901062,0.0,0,True,clarke_wright_construction_only,ok,,0.07552733800002898
XML100_1113_03,XML,cvrplib/XML/XML100_1113_03.vrp,101,,,17585.0,,10,0,0.01127844999973604,0.0,0,True,clarke_wright_construction_only,ok,,0.17686302200036152
XML100_1113_04,XML,cvrplib/XML/XML100_1113_04.vrp,101,,,20196.0,,13,0,0.008482346000164398,0.0,0,True,clarke_wright_construction_only,ok,,0.15035859599993273
XML100_1113_05,XML,cvrplib/XML/XML100_1113_05.vrp,101,,,18672.0,,10,0,0.006013799999891489,0.0,0,True,clarke_wright_construction_only,ok,,0.06771607599966956
XML100_1113_06,XML,cvrplib/XML/XML100_1113_06.vrp,101,,,16436.0,,10,0,0.014836383999863756,0.0,0,True,clarke_wright_construction_only,ok,,0.15247892000024876
XML100_1113_07,XML,cvrplib/XML/XML100_1113_07.vrp,101,,,15523.0,,10,0,0.010318128999642795,0.0,0,True,clarke_wright_construction_only,ok,,0.15953950899984193
XML100_1113_08,XML,cvrplib/XML/XML100_1113_08.vrp,101,,,19856.0,,13,0,0.005978185999993002,0.0,0,True,clarke_wright_construction_only,ok,,0.13862630800031184
XML100_1113_09,XML,cvrplib/XML/XML100_1113_09.vrp,101,,,17654.0,,12,0,0.009140415000729263,0.0,0,True,clarke_wright_construction_only,ok,,0.13328458799969667
XML100_1113_10,XML,cvrplib/XML/XML100_1113_10.vrp,101,,,16922.0,,10,0,0.015686791999542038,0.0,0,True,clarke_wright_construction_only,ok,,0.15535513299982995
XML100_1113_11,XML,cvrplib/XML/XML100_1113_11.vrp,101,,,17134.0,,12,0,0.013928596000368998,0.0,0,True,clarke_wright_construction_only,ok,,0.1507915550000689
XML100_1113_12,XML,cvrplib/XML/XML100_1113_12.vrp,101,,,16047.0,,12,0,0.009620569000617252,0.0,0,True,clarke_wright_construction_only,ok,,0.1554823269998451
XML100_1113_13,XML,cvrplib/XML/XML100_1113_13.vrp,101,,,16537.0,,10,0,0.014236766000067291,0.0,0,True,clarke_wright_construction_only,ok,,0.16539151000051788
XML100_1113_14,XML,cvrplib/XML/XML100_1113_14.vrp,101,,,16203.0,,10,0,0.005099860999507655,0.0,0,True,clarke_wright_construction_only,ok,,0.08241759300017293
XML100_1113_15,XML,cvrplib/XML/XML100_1113_15.vrp,101,,,17822.0,,13,0,0.005109769999762648,0.0,0,True,clarke_wright_construction_only,ok,,0.13513096000042424
XML100_1113_16,XML,cvrplib/XML/XML100_1113_16.vrp,101,,,16531.0,,12,0,0.009977665999940655,0.0,0,True,clarke_wright_construction_only,ok,,0.1536790899999687
XML100_1113_17,XML,cvrplib/XML/XML100_1113_17.vrp,101,,,20543.0,,10,0,0.008934390000831627,0.0,0,True,clarke_wright_construction_only,ok,,0.15199997699983214
XML100_1113_18,XML,cvrplib/XML/XML100_1113_18.vrp,101,,,19056.0,,11,0,0.009902065999995102,0.0,0,True,clarke_wright_construction_only,ok,,0.1400309999999081
XML100_1113_19,XML,cvrplib/XML/XML100_1113_19.vrp,101,,,13020.0,,10,0,0.005311728000378935,0.0,0,True,clarke_wright_construction_only,ok,,0.11961878600050113
XML100_1113_20,XML,cvrplib/XML/XML100_1113_20.vrp,101,,,20139.0,,10,0,0.004414691999954812,0.0,0,True,clarke_wright_construction_only,ok,,0.1432036980004341
XML100_1113_21,XML,cvrplib/XML/XML100_1113_21.vrp,101,,,20197.0,,12,0,0.006191298000885581,0.0,0,True,clarke_wright_construction_only,ok,,0.07522776600035286
XML100_1113_22,XML,cvrplib/XML/XML100_1113_22.vrp,101,,,14983.0,,10,0,0.006613685000047553,0.0,0,True,clarke_wright_construction_only,ok,,0.15675522299989098
XML100_1113_23,XML,cvrplib/XML/XML100_1113_23.vrp,101,,,17117.0,,12,0,0.009242954000001191,0.0,0,True,clarke_wright_construction_only,ok,,0.15453636499933054
XML100_1113_24,XML,cvrplib/XML/XML100_1113_24.vrp,101,,,20685.0,,13,0,0.005258862000118825,0.0,0,True,clarke_wright_construction_only,ok,,0.07060024900056305
XML100_1113_25,XML,cvrplib/XML/XML100_1113_25.vrp,101,,,17767.0,,12,0,0.009115484000176366,0.0,0,True,clarke_wright_construction_only,ok,,0.1357614980006474
XML100_1113_26,XML,cvrplib/XML/XML100_1113_26.vrp,101,,,18198.0,,10,0,0.006271403999562608,0.0,0,True,clarke_wright_construction_only,ok,,0.06755053600045358
XML100_1114_01,XML,cvrplib/XML/XML100_1114_01.vrp,101,,,14561.0,,8,0,0.006031071000506927,0.0,0,True,clarke_wright_construction_only,ok,,0.06940096100061055
XML100_1113_27,XML,cvrplib/XML/XML100_1113_27.vrp,101,,,15208.0,,12,0,0.014306234000287077,0.0,0,True,clarke_wright_construction_only,ok,,0.12191024299954734
XML100_1114_02,XML,cvrplib/XML/XML100_1114_02.vrp,101,,,13492.0,,7,0,0.00973380499999621,0.0,0,True,clarke_wright_construction_only,ok,,0.13994412099964393
XML100_1114_03,XML,cvrplib/XML/XML100_1114_03.vrp,101,,,16924.0,,7,0,0.013451972999973805,0.0,0,True,clarke_wright_construction_only,ok,,0.15151698299996497
XML100_1114_04,XML,cvrplib/XML/XML100_1114_04.vrp,101,,,14656.0,,8,0,0.009533039999951143,0.0,0,True,clarke_wright_construction_only,ok,,0.08531462000064494
XML100_1114_05,XML,cvrplib/XML/XML100_1114_05.vrp,101,,,14982.0,,9,0,0.00450290299977496,0.0,0,True,clarke_wright_construction_only,ok,,0.10880110200014315
XML100_1114_06,XML,cvrplib/XML/XML100_1114_06.vrp,101,,,14598.0,,9,0,0.006010488999891095,0.0,0,True,clarke_wright_construction_only,ok,,0.12775696799963043
XML100_1114_07,XML,cvrplib/XML/XML100_1114_07.vrp,101,,,14323.0,,9,0,0.006489011999292416,0.0,0,True,clarke_wright_construction_only,ok,,0.07326186499994947
XML100_1114_08,XML,cvrplib/XML/XML100_1114_08.vrp,101,,,16106.0,,8,0,0.005067617999884533,0.0,0,True,clarke_wright_construction_only,ok,,0.0671434819996648
XML100_1114_10,XML,cvrplib/XML/XML100_1114_10.vrp,101,,,14707.0,,9,0,0.004780641999786894,0.0,0,True,clarke_wright_construction_only,ok,,0.07886458299981314
XML100_1114_09,XML,cvrplib/XML/XML100_1114_09.vrp,101,,,12367.0,,9,0,0.00478767999993579,0.0,0,True,clarke_wright_construction_only,ok,,0.14378989599936176
XML100_1114_11,XML,cvrplib/XML/XML100_1114_11.vrp,101,,,12064.0,,8,0,0.00598385800003598,0.0,0,True,clarke_wright_construction_only,ok,,0.15562360000058106
XML100_1114_12,XML,cvrplib/XML/XML100_1114_12.vrp,101,,,12321.0,,9,0,0.007531066000410647,0.0,0,True,clarke_wright_construction_only,ok,,0.16222930799995083
XML100_1114_13,XML,cvrplib/XML/XML100_1114_13.vrp,101,,,14230.0,,9,0,0.0068502739995892625,0.0,0,True,clarke_wright_construction_only,ok,,0.09426511300080165
XML100_1114_14,XML,cvrplib/XML/XML100_1114_14.vrp,101,,,15457.0,,8,0,0.00724026399984723,0.0,0,True,clarke_wright_construction_only,ok,,0.08031933999973262
XML100_1114_15,XML,cvrplib/XML/XML100_1114_15.vrp,101,,,11346.0,,7,0,0.0043039719994339976,0.0,0,True,clarke_wright_construction_only,ok,,0.067639309999322
XML100_1114_16,XML,cvrplib/XML/XML100_1114_16.vrp,101,,,13471.0,,7,0,0.0050234559994351,0.0,0,True,clarke_wright_construction_only,ok,,0.07284598600017489
XML100_1114_17,XML,cvrplib/XML/XML100_1114_17.vrp,101,,,14756.0,,7,0,0.005723601999306993,0.0,0,True,clarke_wright_construction_only,ok,,0.09042683500047133
XML100_1114_18,XML,cvrplib/XML/XML100_1114_18.vrp,101,,,14115.0,,9,0,0.014192790999913996,0.0,0,True,clarke_wright_construction_only,ok,,0.14576580399989325
XML100_1114_19,XML,cvrplib/XML/XML100_1114_19.vrp,101,,,13781.0,,8,0,0.005683713000507851,0.0,0,True,clarke_wright_construction_only,ok,,0.06493532700005744
XML100_1114_20,XML,cvrplib/XML/XML100_1114_20.vrp,101,,,17911.0,,9,0,0.00863794799988682,0.0,0,True,clarke_wright_construction_only,ok,,0.13594333799937885
XML100_1114_21,XML,cvrplib/XML/XML100_1114_21.vrp,101,,,12480.0,,8,0,0.004890234000413329,0.0,0,True,clarke_wright_construction_only,ok,,0.09490762499990524
XML100_1114_23,XML,cvrplib/XML/XML100_1114_23.vrp,101,,,12815.0,,7,0,0.004666001000259712,0.0,0,True,clarke_wright_construction_only,ok,,0.08485261699934199
XML100_1114_22,XML,cvrplib/XML/XML100_1114_22.vrp,101,,,13268.0,,8,0,0.008739433000300778,0.0,0,True,clarke_wright_construction_only,ok,,0.14723179199972947
XML100_1114_24,XML,cvrplib/XML/XML100_1114_24.vrp,101,,,15108.0,,8,0,0.005948549999629904,0.0,0,True,clarke_wright_construction_only,ok,,0.14099323700065725
XML100_1114_25,XML,cvrplib/XML/XML100_1114_25.vrp,101,,,16334.0,,7,0,0.01336802700006956,0.0,0,True,clarke_wright_construction_only,ok,,0.11516470399965328
XML100_1114_26,XML,cvrplib/XML/XML100_1114_26.vrp,101,,,14070.0,,8,0,0.005404854000516934,0.0,0,True,clarke_wright_construction_only,ok,,0.10940006900000299
XML100_1114_27,XML,cvrplib/XML/XML100_1114_27.vrp,101,,,13324.0,,7,0,0.008818588000394811,0.0,0,True,clarke_wright_construction_only,ok,,0.14451196800018806
XML100_1115_01,XML,cvrplib/XML/XML100_1115_01.vrp,101,,,12483.0,,5,0,0.0066383480007061735,0.0,0,True,clarke_wright_construction_only,ok,,0.08680508600082248
XML100_1115_03,XML,cvrplib/XML/XML100_1115_03.vrp,101,,,12560.0,,6,0,0.0059996059999321005,0.0,0,True,clarke_wright_construction_only,ok,,0.10378421899986279
XML100_1115_02,XML,cvrplib/XML/XML100_1115_02.vrp,101,,,11574.0,,6,0,0.013052086000243435,0.0,0,True,clarke_wright_construction_only,ok,,0.16582670499974483
XML100_1115_04,XML,cvrplib/XML/XML100_1115_04.vrp,101,,,9874.0,,5,0,0.010121333999450144,0.0,0,True,clarke_wright_construction_only,ok,,0.15682665900021675
XML100_1115_05,XML,cvrplib/XML/XML100_1115_05.vrp,101,,,11559.0,,5,0,0.014044119999198301,0.0,0,True,clarke_wright_construction_only,ok,,0.15880115800064232
XML100_1115_06,XML,cvrplib/XML/XML100_1115_06.vrp,101,,,11884.0,,7,0,0.0043472209999890765,0.0,0,True,clarke_wright_construction_only,ok,,0.0721822859995882
XML100_1115_07,XML,cvrplib/XML/XML100_1115_07.vrp,101,,,14079.0,,6,0,0.004309134999857633,0.0,0,True,clarke_wright_construction_only,ok,,0.10057013200002984
XML100_1115_08,XML,cvrplib/XML/XML100_1115_08.vrp,101,,,11472.0,,5,0,0.004925857999296568,0.0,0,True,clarke_wright_construction_only,ok,,0.12456872499933525
XML100_1115_10,XML,cvrplib/XML/XML100_1115_10.vrp,101,,,12505.0,,6,0,0.0061303720003706985,0.0,0,True,clarke_wright_construction_only,ok,,0.072399258000587
XML100_1115_09,XML,cvrplib/XML/XML100_1115_09.vrp,101,,,12880.0,,6,0,0.004268253999725857,0.0,0,True,clarke_wright_construction_only,ok,,0.12804320900067978
XML100_1115_12,XML,cvrplib/XML/XML100_1115_12.vrp,101,,,12655.0,,6,0,0.006215749999682885,0.0,0,True,clarke_wright_construction_only,ok,,0.10609728600047674
XML100_1115_11,XML,cvrplib/XML/XML100_1115_11.vrp,101,,,11959.0,,6,0,0.014987006000410474,0.0,0,True,clarke_wright_construction_only,ok,,0.1411272020004617
XML100_1115_13,XML,cvrplib/XML/XML100_1115_13.vrp,101,,,11806.0,,5,0,0.0045225800004118355,0.0,0,True,clarke_wright_construction_only,ok,,0.08100153299983504
XML100_1115_14,XML,cvrplib/XML/XML100_1115_14.vrp,101,,,11807.0,,5,0,0.013318083999365626,0.0,0,True,clarke_wright_construction_only,ok,,0.14092169900050067
XML100_1115_15,XML,cvrplib/XML/XML100_1115_15.vrp,101,,,12285.0,,7,0,0.005167768999854161,0.0,0,True,clarke_wright_construction_only,ok,,0.07171824899978674
XML100_1115_16,XML,cvrplib/XML/XML100_1115_16.vrp,101,,,13691.0,,5,0,0.005211059000430396,0.0,0,True,clarke_wright_construction_only,ok,,0.07613410100020701
XML100_1115_17,XML,cvrplib/XML/XML100_1115_17.vrp,101,,,11918.0,,6,0,0.014507866000712966,0.0,0,True,clarke_wright_construction_only,ok,,0.12431740400006674
XML100_1115_18,XML,cvrplib/XML/XML100_1115_18.vrp,101,,,10161.0,,5,0,0.004809784999451949,0.0,0,True,clarke_wright_construction_only,ok,,0.0987225649996617
XML100_1115_19,XML,cvrplib/XML/XML100_1115_19.vrp,101,,,11367.0,,5,0,0.004984031999811123,0.0,0,True,clarke_wright_construction_only,ok,,0.08370748500055925
XML100_1115_20,XML,cvrplib/XML/XML100_1115_20.vrp,101,,,11917.0,,6,0,0.005879692000235082,0.0,0,True,clarke_wright_construction_only,ok,,0.0667868090004049
XML100_1115_22,XML,cvrplib/XML/XML100_1115_22.vrp,101,,,12763.0,,6,0,0.004526093999629666,0.0,0,True,clarke_wright_construction_only,ok,,0.06879462800043257
XML100_1115_21,XML,cvrplib/XML/XML100_1115_21.vrp,101,,,11557.0,,5,0,0.014051492000362487,0.0,0,True,clarke_wright_construction_only,ok,,0.1452276879999772
XML100_1115_23,XML,cvrplib/XML/XML100_1115_23.vrp,101,,,11572.0,,5,0,0.013460474000567046,0.0,0,True,clarke_wright_construction_only,ok,,0.12985378699977446
XML100_1115_24,XML,cvrplib/XML/XML100_1115_24.vrp,101,,,11945.0,,6,0,0.0053380829995148815,0.0,0,True,clarke_wright_construction_only,ok,,0.09123533700039843
XML100_1115_25,XML,cvrplib/XML/XML100_1115_25.vrp,101,,,12263.0,,5,0,0.006215192999661667,0.0,0,True,clarke_wright_construction_only,ok,,0.07097671500014258
XML100_1115_26,XML,cvrplib/XML/XML100_1115_26.vrp,101,,,14998.0,,6,0,0.004577007000079902,0.0,0,True,clarke_wright_construction_only,ok,,0.07273510300001362
XML100_1116_01,XML,cvrplib/XML/XML100_1116_01.vrp,101,,,8933.0,,3,0,0.004296301000067615,0.0,0,True,clarke_wright_construction_only,ok,,0.07145439999931114
XML100_1115_27,XML,cvrplib/XML/XML100_1115_27.vrp,101,,,10059.0,,5,0,0.0055299030000242055,0.0,0,True,clarke_wright_construction_only,ok,,0.07494301599945175
XML100_1116_02,XML,cvrplib/XML/XML100_1116_02.vrp,101,,,10754.0,,3,0,0.004623980999895139,0.0,0,True,clarke_wright_construction_only,ok,,0.1398871519995737
XML100_1116_03,XML,cvrplib/XML/XML100_1116_03.vrp,101,,,9169.0,,3,0,0.005065569000180403,0.0,0,True,clarke_wright_construction_only,ok,,0.11551855699963198
XML100_1116_04,XML,cvrplib/XML/XML100_1116_04.vrp,101,,,10055.0,,3,0,0.0062366430001929984,0.0,0,True,clarke_wright_construction_only,ok,,0.07314017999942735
XML100_1116_05,XML,cvrplib/XML/XML100_1116_05.vrp,101,,,9263.0,,4,0,0.012988812000003236,0.0,0,True,clarke_wright_construction_only,ok,,0.15198498599966115
XML100_1116_06,XML,cvrplib/XML/XML100_1116_06.vrp,101,,,11351.0,,4,0,0.0073365939997529495,0.0,0,True,clarke_wright_construction_only,ok,,0.07932795099986834
XML100_1116_08,XML,cvrplib/XML/XML100_1116_08.vrp,101,,,9788.0,,3,0,0.00442539300001954,0.0,0,True,clarke_wright_construction_only,ok,,0.06590150800002448
XML100_1116_07,XML,cvrplib/XML/XML100_1116_07.vrp,101,,,8912.0,,3,0,0.008932899999308574,0.0,0,True,clarke_wright_construction_only,ok,,0.1550076319999789
XML100_1116_09,XML,cvrplib/XML/XML100_1116_09.vrp,101,,,10238.0,,3,0,0.00690477300031489,0.0,0,True,clarke_wright_construction_only,ok,,0.11489077900023403
XML100_1116_10,XML,cvrplib/XML/XML100_1116_10.vrp,101,,,10393.0,,3,0,0.0072908550000647665,0.0,0,True,clarke_wright_construction_only,ok,,0.08446032700067008
XML100_1116_11,XML,cvrplib/XML/XML100_1116_11.vrp,101,,,9782.0,,3,0,0.011396502000025066,0.0,0,True,clarke_wright_construction_only,ok,,0.16510404600012407
XML100_1116_12,XML,cvrplib/XML/XML100_1116_12.vrp,101,,,10776.0,,4,0,0.015049964000354521,0.0,0,True,clarke_wright_construction_only,ok,,0.14502545899995312
XML100_1116_13,XML,cvrplib/XML/XML100_1116_13.vrp,101,,,9871.0,,3,0,0.00447123600042687,0.0,0,True,clarke_wright_construction_only,ok,,0.12028818599992519
XML100_1116_14,XML,cvrplib/XML/XML100_1116_14.vrp,101,,,10256.0,,4,0,0.0050204250001115724,0.0,0,True,clarke_wright_construction_only,ok,,0.11561061900010827
XML100_1116_15,XML,cvrplib/XML/XML100_1116_15.vrp,101,,,9305.0,,3,0,0.008455268999568943,0.0,0,True,clarke_wright_construction_only,ok,,0.112318248999145
XML100_1116_16,XML,cvrplib/XML/XML100_1116_16.vrp,101,,,9432.0,,3,0,0.009845743000369112,0.0,0,True,clarke_wright_construction_only,ok,,0.10219381400020211
XML100_1116_17,XML,cvrplib/XML/XML100_1116_17.vrp,101,,,10679.0,,3,0,0.014223739000044588,0.0,0,True,clarke_wright_construction_only,ok,,0.1003162480001265
XML100_1116_18,XML,cvrplib/XML/XML100_1116_18.vrp,101,,,10777.0,,4,0,0.0061510319992521545,0.0,0,True,clarke_wright_construction_only,ok,,0.13662042600026325
XML100_1116_19,XML,cvrplib/XML/XML100_1116_19.vrp,101,,,9345.0,,3,0,0.005609583000477869,0.0,0,True,clarke_wright_construction_only,ok,,0.11095352400025149
XML100_1116_20,XML,cvrplib/XML/XML100_1116_20.vrp,101,,,10736.0,,3,0,0.004295596999327245,0.0,0,True,clarke_wright_construction_only,ok,,0.0659642509999685
XML100_1116_22,XML,cvrplib/XML/XML100_1116_22.vrp,101,,,10811.0,,4,0,0.00448229299945524,0.0,0,True,clarke_wright_construction_only,ok,,0.06586325399985071
XML100_1116_21,XML,cvrplib/XML/XML100_1116_21.vrp,101,,,9173.0,,3,0,0.013920802000029653,0.0,0,True,clarke_wright_construction_only,ok,,0.1437594570006695
XML100_1116_23,XML,cvrplib/XML/XML100_1116_23.vrp,101,,,8740.0,,3,0,0.0068882240002494655,0.0,0,True,clarke_wright_construction_only,ok,,0.07424803100002464
XML100_1116_25,XML,cvrplib/XML/XML100_1116_25.vrp,101,,,10446.0,,4,0,0.004619143000127224,0.0,0,True,clarke_wright_construction_only,ok,,0.06689876800010097
XML100_1116_24,XML,cvrplib/XML/XML100_1116_24.vrp,101,,,10363.0,,3,0,0.009674830000221846,0.0,0,True,clarke_wright_construction_only,ok,,0.15254721100063762
XML100_1116_26,XML,cvrplib/XML/XML100_1116_26.vrp,101,,,9793.0,,3,0,0.009916111000165984,0.0,0,True,clarke_wright_construction_only,ok,,0.11235986500014405
XML100_1116_27,XML,cvrplib/XML/XML100_1116_27.vrp,101,,,9742.0,,3,0,0.00450475399975403,0.0,0,True,clarke_wright_construction_only,ok,,0.07688998100002209
XML100_1121_01,XML,cvrplib/XML/XML100_1121_01.vrp,101,,,26608.0,,27,0,0.005529408999791485,0.0,0,True,clarke_wright_construction_only,ok,,0.09291550099987944
XML100_1121_02,XML,cvrplib/XML/XML100_1121_02.vrp,101,,,37351.0,,29,0,0.013207310000325378,0.0,0,True,clarke_wright_construction_only,ok,,0.14339233099963167
XML100_1121_03,XML,cvrplib/XML/XML100_1121_03.vrp,101,,,32616.0,,22,0,0.005439763000140374,0.0,0,True,clarke_wright_construction_only,ok,,0.1350399679995462
XML100_1121_04,XML,cvrplib/XML/XML100_1121_04.vrp,101,,,25184.0,,26,0,0.005740663999858953,0.0,0,True,clarke_wright_construction_only,ok,,0.09856485899945255
XML100_1121_05,XML,cvrplib/XML/XML100_1121_05.vrp,101,,,41393.0,,33,0,0.00908740900013072,0.0,0,True,clarke_wright_construction_only,ok,,0.15042324300065957
XML100_1121_06,XML,cvrplib/XML/XML100_1121_06.vrp,101,,,30737.0,,27,0,0.010385208000116108,0.0,0,True,clarke_wright_construction_only,ok,,0.11370965100013564
XML100_1121_07,XML,cvrplib/XML/XML100_1121_07.vrp,101,,,29667.0,,25,0,0.005312828000569425,0.0,0,True,clarke_wright_construction_only,ok,,0.0938626330007537
XML100_1121_08,XML,cvrplib/XML/XML100_1121_08.vrp,101,,,22404.0,,22,0,0.005095677000099386,0.0,0,True,clarke_wright_construction_only,ok,,0.06646489900049346
XML100_1121_10,XML,cvrplib/XML/XML100_1121_10.vrp,101,,,39022.0,,31,0,0.004432924999491661,0.0,0,True,clarke_wright_construction_only,ok,,0.06357627799934562
XML100_1121_09,XML,cvrplib/XML/XML100_1121_09.vrp,101,,,39252.0,,25,0,0.00961444200038386,0.0,0,True,clarke_wright_construction_only,ok,,0.10360277499967196
XML100_1121_12,XML,cvrplib/XML/XML100_1121_12.vrp,101,,,35000.0,,27,0,0.005672362000041176,0.0,0,True,clarke_wright_construction_only,ok,,0.07112924800003384
XML100_1121_11,XML,cvrplib/XML/XML100_1121_11.vrp,101,,,29844.0,,25,0,0.005217172999437025,0.0,0,True,clarke_wright_construction_only,ok,,0.13051739999991696
XML100_1121_13,XML,cvrplib/XML/XML100_1121_13.vrp,101,,,35175.0,,35,0,0.005792650000330468,0.0,0,True,clarke_wright_construction_only,ok,,0.06362474699926679
XML100_1121_15,XML,cvrplib/XML/XML100_1121_15.vrp,101,,,27326.0,,26,0,0.005317207000189228,0.0,0,True,clarke_wright_construction_only,ok,,0.07944253200003004
XML100_1121_14,XML,cvrplib/XML/XML100_1121_14.vrp,101,,,28707.0,,22,0,0.01046826499987219,0.0,0,True,clarke_wright_construction_only,ok,,0.1531339580005806
XML100_1121_16,XML,cvrplib/XML/XML100_1121_16.vrp,101,,,26875.0,,22,0,0.00441483199938375,0.0,0,True,clarke_wright_construction_only,ok,,0.10558027099978062
XML100_1121_17,XML,cvrplib/XML/XML100_1121_17.vrp,101,,,42073.0,,30,0,0.013991973999509355,0.0,0,True,clarke_wright_construction_only,ok,,0.14044840600035968
XML100_1121_18,XML,cvrplib/XML/XML100_1121_18.vrp,101,,,29964.0,,25,0,0.009153211999546329,0.0,0,True,clarke_wright_construction_only,ok,,0.10553053800049383
XML100_1121_19,XML,cvrplib/XML/XML100_1121_19.vrp,101,,,33310.0,,33,0,0.004422943999998097,0.0,0,True,clarke_wright_construction_only,ok,,0.06311798800015822
XML100_1121_21,XML,cvrplib/XML/XML100_1121_21.vrp,101,,,33450.0,,23,0,0.0059530420003284235,0.0,0,True,clarke_wright_construction_only,ok,,0.062252230999547464
XML100_1121_20,XML,cvrplib/XML/XML100_1121_20.vrp,101,,,38051.0,,31,0,0.013745029999881808,0.0,0,True,clarke_wright_construction_only,ok,,0.134170324000479
XML100_1121_22,XML,cvrplib/XML/XML100_1121_22.vrp,101,,,35210.0,,29,0,0.005548120999264938,0.0,0,True,clarke_wright_construction_only,ok,,0.06800186500004202
XML100_1121_23,XML,cvrplib/XML/XML100_1121_23.vrp,101,,,29958.0,,23,0,0.005751536999923701,0.0,0,True,clarke_wright_construction_only,ok,,0.1514521560002322
XML100_1121_24,XML,cvrplib/XML/XML100_1121_24.vrp,101,,,26240.0,,28,0,0.015010534000793996,0.0,0,True,clarke_wright_construction_only,ok,,0.1621592960000271
XML100_1121_25,XML,cvrplib/XML/XML100_1121_25.vrp,101,,,26964.0,,27,0,0.004567761000544124,0.0,0,True,clarke_wright_construction_only,ok,,0.07502264600043418
XML100_1121_26,XML,cvrplib/XML/XML100_1121_26.vrp,101,,,29711.0,,23,0,0.014237546000003931,0.0,0,True,clarke_wright_construction_only,ok,,0.1610804529991583
XML100_1122_01,XML,cvrplib/XML/XML100_1122_01.vrp,101,,,21773.0,,14,0,0.00606570499985537,0.0,0,True,clarke_wright_construction_only,ok,,0.06926880099945265
XML100_1121_27,XML,cvrplib/XML/XML100_1121_27.vrp,101,,,27805.0,,23,0,0.014329677999739943,0.0,0,True,clarke_wright_construction_only,ok,,0.14130234500044025
XML100_1122_02,XML,cvrplib/XML/XML100_1122_02.vrp,101,,,18527.0,,14,0,0.0057971269998233765,0.0,0,True,clarke_wright_construction_only,ok,,0.12485574800030008
XML100_1122_03,XML,cvrplib/XML/XML100_1122_03.vrp,101,,,23047.0,,18,0,0.012684629999967001,0.0,0,True,clarke_wright_construction_only,ok,,0.1581178690003071
XML100_1122_04,XML,cvrplib/XML/XML100_1122_04.vrp,101,,,21260.0,,14,0,0.0048253109998768196,0.0,0,True,clarke_wright_construction_only,ok,,0.07213768800011167
XML100_1122_05,XML,cvrplib/XML/XML100_1122_05.vrp,101,,,23735.0,,20,0,0.004260992999661539,0.0,0,True,clarke_wright_construction_only,ok,,0.07763859199985745
XML100_1122_06,XML,cvrplib/XML/XML100_1122_06.vrp,101,,,23802.0,,20,0,0.004597380999257439,0.0,0,True,clarke_wright_construction_only,ok,,0.07872638700064272
XML100_1122_07,XML,cvrplib/XML/XML100_1122_07.vrp,101,,,18912.0,,15,0,0.006483670999841706,0.0,0,True,clarke_wright_construction_only,ok,,0.0773497979998865
XML100_1122_08,XML,cvrplib/XML/XML100_1122_08.vrp,101,,,30775.0,,19,0,0.013728926000112551,0.0,0,True,clarke_wright_construction_only,ok,,0.1541943039992475
XML100_1122_09,XML,cvrplib/XML/XML100_1122_09.vrp,101,,,20259.0,,15,0,0.009304295000220009,0.0,0,True,clarke_wright_construction_only,ok,,0.14156614700004866
XML100_1122_10,XML,cvrplib/XML/XML100_1122_10.vrp,101,,,20639.0,,17,0,0.0047916169996824465,0.0,0,True,clarke_wright_construction_only,ok,,0.10667828699934034
XML100_1122_11,XML,cvrplib/XML/XML100_1122_11.vrp,101,,,25391.0,,19,0,0.004460037000171724,0.0,0,True,clarke_wright_construction_only,ok,,0.08873271199990995
XML100_1122_12,XML,cvrplib/XML/XML100_1122_12.vrp,101,,,25874.0,,18,0,0.0068202550000933115,0.0,0,True,clarke_wright_construction_only,ok,,0.13763843900051143
XML100_1122_13,XML,cvrplib/XML/XML100_1122_13.vrp,101,,,19102.0,,15,0,0.013846796000507311,0.0,0,True,clarke_wright_construction_only,ok,,0.15510253299999022
XML100_1122_14,XML,cvrplib/XML/XML100_1122_14.vrp,101,,,18187.0,,14,0,0.004808252000657376,0.0,0,True,clarke_wright_construction_only,ok,,0.07598100599989266
XML100_1122_15,XML,cvrplib/XML/XML100_1122_15.vrp,101,,,25846.0,,20,0,0.005905654999878607,0.0,0,True,clarke_wright_construction_only,ok,,0.07055082199985918
XML100_1122_16,XML,cvrplib/XML/XML100_1122_16.vrp,101,,,16449.0,,15,0,0.005814258999635058,0.0,0,True,clarke_wright_construction_only,ok,,0.10300461900078517
XML100_1122_17,XML,cvrplib/XML/XML100_1122_17.vrp,101,,,22872.0,,18,0,0.014521273000354995,0.0,0,True,clarke_wright_construction_only,ok,,0.16309239200018055
XML100_1122_18,XML,cvrplib/XML/XML100_1122_18.vrp,101,,,22475.0,,15,0,0.010412253000140481,0.0,0,True,clarke_wright_construction_only,ok,,0.1541572840005756
XML100_1122_20,XML,cvrplib/XML/XML100_1122_20.vrp,101,,,27125.0,,20,0,0.004710123999757343,0.0,0,True,clarke_wright_construction_only,ok,,0.07709346899991942
XML100_1122_19,XML,cvrplib/XML/XML100_1122_19.vrp,101,,,23574.0,,14,0,0.012384776000544662,0.0,0,True,clarke_wright_construction_only,ok,,0.1612575259996447
XML100_1122_21,XML,cvrplib/XML/XML100_1122_21.vrp,101,,,18360.0,,15,0,0.004775240000526537,0.0,0,True,clarke_wright_construction_only,ok,,0.11630159100059245
XML100_1122_22,XML,cvrplib/XML/XML100_1122_22.vrp,101,,,24128.0,,14,0,0.014347551000355452,0.0,0,True,clarke_wright_construction_only,ok,,0.15711206099967967
XML100_1122_23,XML,cvrplib/XML/XML100_1122_23.vrp,101,,,20780.0,,13,0,0.011138314999698196,0.0,0,True,clarke_wright_construction_only,ok,,0.14949020499989274
XML100_1122_24,XML,cvrplib/XML/XML100_1122_24.vrp,101,,,24708.0,,18,0,0.014698009999847272,0.0,0,True,clarke_wright_construction_only,ok,,0.16018194599928393
XML100_1122_25,XML,cvrplib/XML/XML100_1122_25.vrp,101,,,20055.0,,17,0,0.0064410089999000775,0.0,0,True,clarke_wright_construction_only,ok,,0.07531362900044769
XML100_1122_26,XML,cvrplib/XML/XML100_1122_26.vrp,101,,,19604.0,,13,0,0.0058312910005042795,0.0,0,True,clarke_wright_construction_only,ok,,0.0878861399996822
XML100_1122_27,XML,cvrplib/XML/XML100_1122_27.vrp,101,,,18279.0,,16,0,0.014468563000264112,0.0,0,True,clarke_wright_construction_only,ok,,0.1591749079998408
XML100_1123_01,XML,cvrplib/XML/XML100_1123_01.vrp,101,,,16866.0,,12,0,0.009018573000503238,0.0,0,True,clarke_wright_construction_only,ok,,0.08791910600029951
XML100_1123_02,XML,cvrplib/XML/XML100_1123_02.vrp,101,,,20322.0,,12,0,0.004916980000416515,0.0,0,True,clarke_wright_construction_only,ok,,0.09880109599998832
XML100_1123_04,XML,cvrplib/XML/XML100_1123_04.vrp,101,,,15395.0,,12,0,0.006211919000634225,0.0,0,True,clarke_wright_construction_only,ok,,0.07245168999997986
XML100_1123_03,XML,cvrplib/XML/XML100_1123_03.vrp,101,,,18565.0,,11,0,0.014388055000381428,0.0,0,True,clarke_wright_construction_only,ok,,0.1418219159995715
XML100_1123_06,XML,cvrplib/XML/XML100_1123_06.vrp,101,,,19541.0,,12,0,0.005262929999844346,0.0,0,True,clarke_wright_construction_only,ok,,0.07365289100016525
XML100_1123_05,XML,cvrplib/XML/XML100_1123_05.vrp,101,,,17779.0,,13,0,0.013600956000118458,0.0,0,True,clarke_wright_construction_only,ok,,0.15017858800001704
XML100_1123_07,XML,cvrplib/XML/XML100_1123_07.vrp,101,,,13956.0,,11,0,0.0056955100008053705,0.0,0,True,clarke_wright_construction_only,ok,,0.09682040499956202
XML100_1123_08,XML,cvrplib/XML/XML100_1123_08.vrp,101,,,18328.0,,12,0,0.005818753000312427,0.0,0,True,clarke_wright_construction_only,ok,,0.12227582300056383
XML100_1123_10,XML,cvrplib/XML/XML100_1123_10.vrp,101,,,13027.0,,10,0,0.006012225000631588,0.0,0,True,clarke_wright_construction_only,ok,,0.07178745700002764
XML100_1123_09,XML,cvrplib/XML/XML100_1123_09.vrp,101,,,19569.0,,12,0,0.013839549999829615,0.0,0,True,clarke_wright_construction_only,ok,,0.14256316000046354
XML100_1123_11,XML,cvrplib/XML/XML100_1123_11.vrp,101,,,15795.0,,9,0,0.004208676999951422,0.0,0,True,clarke_wright_construction_only,ok,,0.1262039299999742
XML100_1123_12,XML,cvrplib/XML/XML100_1123_12.vrp,101,,,16225.0,,10,0,0.00914472900058172,0.0,0,True,clarke_wright_construction_only,ok,,0.14571804400020483
XML100_1123_14,XML,cvrplib/XML/XML100_1123_14.vrp,101,,,19792.0,,11,0,0.005602549000286672,0.0,0,True,clarke_wright_construction_only,ok,,0.07234213100036868
XML100_1123_13,XML,cvrplib/XML/XML100_1123_13.vrp,101,,,16048.0,,12,0,0.013125970999681158,0.0,0,True,clarke_wright_construction_only,ok,,0.12998900599995977
XML100_1123_15,XML,cvrplib/XML/XML100_1123_15.vrp,101,,,15591.0,,9,0,0.010408974000711169,0.0,0,True,clarke_wright_construction_only,ok,,0.14753271199970186
XML100_1123_16,XML,cvrplib/XML/XML100_1123_16.vrp,101,,,19849.0,,12,0,0.006504703999780759,0.0,0,True,clarke_wright_construction_only,ok,,0.11493075900034455
XML100_1123_17,XML,cvrplib/XML/XML100_1123_17.vrp,101,,,14663.0,,10,0,0.0060977630000706995,0.0,0,True,clarke_wright_construction_only,ok,,0.08894599599989306
XML100_1123_18,XML,cvrplib/XML/XML100_1123_18.vrp,101,,,16323.0,,9,0,0.005371607000597578,0.0,0,True,clarke_wright_construction_only,ok,,0.12623445200006245
XML100_1123_20,XML,cvrplib/XML/XML100_1123_20.vrp,101,,,16915.0,,11,0,0.00594833099967218,0.0,0,True,clarke_wright_construction_only,ok,,0.07011380099993403
XML100_1123_19,XML,cvrplib/XML/XML100_1123_19.vrp,101,,,19110.0,,10,0,0.006214074000126857,0.0,0,True,clarke_wright_construction_only,ok,,0.09760205800012045
XML100_1123_21,XML,cvrplib/XML/XML100_1123_21.vrp,101,,,15998.0,,9,0,0.0052218079999875044,0.0,0,True,clarke_wright_construction_only,ok,,0.09398293100002775
XML100_1123_22,XML,cvrplib/XML/XML100_1123_22.vrp,101,,,19470.0,,12,0,0.009588572999746248,0.0,0,True,clarke_wright_construction_only,ok,,0.14489918599974771
XML100_1123_23,XML,cvrplib/XML/XML100_1123_23.vrp,101,,,17494.0,,9,0,0.005077688999335805,0.0,0,True,clarke_wright_construction_only,ok,,0.07438875899970299
XML100_1123_25,XML,cvrplib/XML/XML100_1123_25.vrp,101,,,13870.0,,10,0,0.004520046999459737,0.0,0,True,clarke_wright_construction_only,ok,,0.07015894100004516
XML100_1123_24,XML,cvrplib/XML/XML100_1123_24.vrp,101,,,19535.0,,13,0,0.008076393000010285,0.0,0,True,clarke_wright_construction_only,ok,,0.14482978000069124
XML100_1123_26,XML,cvrplib/XML/XML100_1123_26.vrp,101,,,18042.0,,11,0,0.0066127899999628426,0.0,0,True,clarke_wright_construction_only,ok,,0.07072270000026037
XML100_1124_01,XML,cvrplib/XML/XML100_1124_01.vrp,101,,,11413.0,,7,0,0.004401356000016676,0.0,0,True,clarke_wright_construction_only,ok,,0.07020719799947983
XML100_1124_02,XML,cvrplib/XML/XML100_1124_02.vrp,101,,,13073.0,,8,0,0.005364276000364043,0.0,0,True,clarke_wright_construction_only,ok,,0.06961549100014963
XML100_1123_27,XML,cvrplib/XML/XML100_1123_27.vrp,101,,,12954.0,,11,0,0.008787346000644902,0.0,0,True,clarke_wright_construction_only,ok,,0.14605838599982235
XML100_1124_03,XML,cvrplib/XML/XML100_1124_03.vrp,101,,,14194.0,,8,0,0.009933436999745027,0.0,0,True,clarke_wright_construction_only,ok,,0.16199254599996493
XML100_1124_04,XML,cvrplib/XML/XML100_1124_04.vrp,101,,,16147.0,,9,0,0.008288901000014448,0.0,0,True,clarke_wright_construction_only,ok,,0.15361700799985556
