root	parent_relative	subtree	allocated_bytes	git_commit	git_source	content_sha256	restore_command_template
sprint-f	f1/champions/champion_v2	data	9715712	8fd31470c6729c3d5414a26b7bf570621824f134	surrogate/data	e39d71899d6b96e6280b4ad0d8207960c6a393f0e0d6e35b5ad77e854d361ea3	git -C {repo} archive {git_commit} {git_source} | tar -x -C {experiment_root}/{root}/{parent_relative} --strip-components=1
sprint-f	f1/champions/champion_v3	data	9715712	8fd31470c6729c3d5414a26b7bf570621824f134	surrogate/data	e39d71899d6b96e6280b4ad0d8207960c6a393f0e0d6e35b5ad77e854d361ea3	git -C {repo} archive {git_commit} {git_source} | tar -x -C {experiment_root}/{root}/{parent_relative} --strip-components=1
sprint-f	f1/weight_opt_v3	data	9715712	8fd31470c6729c3d5414a26b7bf570621824f134	surrogate/data	e39d71899d6b96e6280b4ad0d8207960c6a393f0e0d6e35b5ad77e854d361ea3	git -C {repo} archive {git_commit} {git_source} | tar -x -C {experiment_root}/{root}/{parent_relative} --strip-components=1
sprint-f	f1/workspaces/c8bb66b1-1988-4a9c-9f92-67788a4b6613	data	9715712	8fd31470c6729c3d5414a26b7bf570621824f134	surrogate/data	e39d71899d6b96e6280b4ad0d8207960c6a393f0e0d6e35b5ad77e854d361ea3	git -C {repo} archive {git_commit} {git_source} | tar -x -C {experiment_root}/{root}/{parent_relative} --strip-components=1
sprint-f	f1/workspaces/d083912f-ccc9-4e2b-b17e-a7454dbcf1b5	data	9715712	8fd31470c6729c3d5414a26b7bf570621824f134	surrogate/data	e39d71899d6b96e6280b4ad0d8207960c6a393f0e0d6e35b5ad77e854d361ea3	git -C {repo} archive {git_commit} {git_source} | tar -x -C {experiment_root}/{root}/{parent_relative} --strip-components=1
sprint-f	f2/champions/champion_v2	data	9715712	8fd31470c6729c3d5414a26b7bf570621824f134	surrogate/data	e39d71899d6b96e6280b4ad0d8207960c6a393f0e0d6e35b5ad77e854d361ea3	git -C {repo} archive {git_commit} {git_source} | tar -x -C {experiment_root}/{root}/{parent_relative} --strip-components=1
sprint-f	f2/weight_opt_v2	data	9715712	8fd31470c6729c3d5414a26b7bf570621824f134	surrogate/data	e39d71899d6b96e6280b4ad0d8207960c6a393f0e0d6e35b5ad77e854d361ea3	git -C {repo} archive {git_commit} {git_source} | tar -x -C {experiment_root}/{root}/{parent_relative} --strip-components=1
sprint-f	f2/workspaces/101ae2d4-8d13-47d5-b81a-6e52783d0944	data	9715712	8fd31470c6729c3d5414a26b7bf570621824f134	surrogate/data	e39d71899d6b96e6280b4ad0d8207960c6a393f0e0d6e35b5ad77e854d361ea3	git -C {repo} archive {git_commit} {git_source} | tar -x -C {experiment_root}/{root}/{parent_relative} --strip-components=1
sprint-f	f2/workspaces/251119c1-65c3-4537-baea-d7e7cccba024	data	9715712	8fd31470c6729c3d5414a26b7bf570621824f134	surrogate/data	e39d71899d6b96e6280b4ad0d8207960c6a393f0e0d6e35b5ad77e854d361ea3	git -C {repo} archive {git_commit} {git_source} | tar -x -C {experiment_root}/{root}/{parent_relative} --strip-components=1
sprint-f	f3/workspaces/4263897b-daa9-4750-8489-6e36de583b68	data	9715712	8fd31470c6729c3d5414a26b7bf570621824f134	surrogate/data	e39d71899d6b96e6280b4ad0d8207960c6a393f0e0d6e35b5ad77e854d361ea3	git -C {repo} archive {git_commit} {git_source} | tar -x -C {experiment_root}/{root}/{parent_relative} --strip-components=1
sprint-f	f1/champions/champion_v2	tests	143360	8fd31470c6729c3d5414a26b7bf570621824f134	surrogate/tests	a8aca63e8861d5bb9b04034acaa553d4fa38b212e6ecb639d8eeff38805641af	git -C {repo} archive {git_commit} {git_source} | tar -x -C {experiment_root}/{root}/{parent_relative} --strip-components=1
sprint-f	f1/champions/champion_v3	tests	143360	8fd31470c6729c3d5414a26b7bf570621824f134	surrogate/tests	a8aca63e8861d5bb9b04034acaa553d4fa38b212e6ecb639d8eeff38805641af	git -C {repo} archive {git_commit} {git_source} | tar -x -C {experiment_root}/{root}/{parent_relative} --strip-components=1
sprint-f	f1/weight_opt_v3	tests	143360	8fd31470c6729c3d5414a26b7bf570621824f134	surrogate/tests	a8aca63e8861d5bb9b04034acaa553d4fa38b212e6ecb639d8eeff38805641af	git -C {repo} archive {git_commit} {git_source} | tar -x -C {experiment_root}/{root}/{parent_relative} --strip-components=1
sprint-f	f1/workspaces/c8bb66b1-1988-4a9c-9f92-67788a4b6613	tests	143360	8fd31470c6729c3d5414a26b7bf570621824f134	surrogate/tests	a8aca63e8861d5bb9b04034acaa553d4fa38b212e6ecb639d8eeff38805641af	git -C {repo} archive {git_commit} {git_source} | tar -x -C {experiment_root}/{root}/{parent_relative} --strip-components=1
sprint-f	f1/workspaces/d083912f-ccc9-4e2b-b17e-a7454dbcf1b5	tests	143360	8fd31470c6729c3d5414a26b7bf570621824f134	surrogate/tests	a8aca63e8861d5bb9b04034acaa553d4fa38b212e6ecb639d8eeff38805641af	git -C {repo} archive {git_commit} {git_source} | tar -x -C {experiment_root}/{root}/{parent_relative} --strip-components=1
sprint-f	f2/champions/champion_v2	tests	143360	8fd31470c6729c3d5414a26b7bf570621824f134	surrogate/tests	a8aca63e8861d5bb9b04034acaa553d4fa38b212e6ecb639d8eeff38805641af	git -C {repo} archive {git_commit} {git_source} | tar -x -C {experiment_root}/{root}/{parent_relative} --strip-components=1
sprint-f	f2/weight_opt_v2	tests	143360	8fd31470c6729c3d5414a26b7bf570621824f134	surrogate/tests	a8aca63e8861d5bb9b04034acaa553d4fa38b212e6ecb639d8eeff38805641af	git -C {repo} archive {git_commit} {git_source} | tar -x -C {experiment_root}/{root}/{parent_relative} --strip-components=1
sprint-f	f2/workspaces/101ae2d4-8d13-47d5-b81a-6e52783d0944	tests	143360	8fd31470c6729c3d5414a26b7bf570621824f134	surrogate/tests	a8aca63e8861d5bb9b04034acaa553d4fa38b212e6ecb639d8eeff38805641af	git -C {repo} archive {git_commit} {git_source} | tar -x -C {experiment_root}/{root}/{parent_relative} --strip-components=1
sprint-f	f2/workspaces/251119c1-65c3-4537-baea-d7e7cccba024	tests	143360	8fd31470c6729c3d5414a26b7bf570621824f134	surrogate/tests	a8aca63e8861d5bb9b04034acaa553d4fa38b212e6ecb639d8eeff38805641af	git -C {repo} archive {git_commit} {git_source} | tar -x -C {experiment_root}/{root}/{parent_relative} --strip-components=1
sprint-f	f3/workspaces/4263897b-daa9-4750-8489-6e36de583b68	tests	143360	8fd31470c6729c3d5414a26b7bf570621824f134	surrogate/tests	a8aca63e8861d5bb9b04034acaa553d4fa38b212e6ecb639d8eeff38805641af	git -C {repo} archive {git_commit} {git_source} | tar -x -C {experiment_root}/{root}/{parent_relative} --strip-components=1
sprint-f2	f1/champions/champion_v2	data	9715712	b509fce28772639093330c4bec91b98ffcdecdd0	surrogate/data	e39d71899d6b96e6280b4ad0d8207960c6a393f0e0d6e35b5ad77e854d361ea3	git -C {repo} archive {git_commit} {git_source} | tar -x -C {experiment_root}/{root}/{parent_relative} --strip-components=1
sprint-f2	f1/champions/champion_v3	data	9715712	b509fce28772639093330c4bec91b98ffcdecdd0	surrogate/data	e39d71899d6b96e6280b4ad0d8207960c6a393f0e0d6e35b5ad77e854d361ea3	git -C {repo} archive {git_commit} {git_source} | tar -x -C {experiment_root}/{root}/{parent_relative} --strip-components=1
sprint-f2	f1/champions/champion_v4	data	9715712	b509fce28772639093330c4bec91b98ffcdecdd0	surrogate/data	e39d71899d6b96e6280b4ad0d8207960c6a393f0e0d6e35b5ad77e854d361ea3	git -C {repo} archive {git_commit} {git_source} | tar -x -C {experiment_root}/{root}/{parent_relative} --strip-components=1
sprint-f2	f1/weight_opt_v2	data	9715712	b509fce28772639093330c4bec91b98ffcdecdd0	surrogate/data	e39d71899d6b96e6280b4ad0d8207960c6a393f0e0d6e35b5ad77e854d361ea3	git -C {repo} archive {git_commit} {git_source} | tar -x -C {experiment_root}/{root}/{parent_relative} --strip-components=1
sprint-f2	f1/weight_opt_v3	data	9715712	b509fce28772639093330c4bec91b98ffcdecdd0	surrogate/data	e39d71899d6b96e6280b4ad0d8207960c6a393f0e0d6e35b5ad77e854d361ea3	git -C {repo} archive {git_commit} {git_source} | tar -x -C {experiment_root}/{root}/{parent_relative} --strip-components=1
sprint-f2	f1/weight_opt_v4	data	9715712	b509fce28772639093330c4bec91b98ffcdecdd0	surrogate/data	e39d71899d6b96e6280b4ad0d8207960c6a393f0e0d6e35b5ad77e854d361ea3	git -C {repo} archive {git_commit} {git_source} | tar -x -C {experiment_root}/{root}/{parent_relative} --strip-components=1
sprint-f2	f1/workspaces/d4dbfffd-dd15-4e75-8347-64c7e908aab5	data	9715712	b509fce28772639093330c4bec91b98ffcdecdd0	surrogate/data	e39d71899d6b96e6280b4ad0d8207960c6a393f0e0d6e35b5ad77e854d361ea3	git -C {repo} archive {git_commit} {git_source} | tar -x -C {experiment_root}/{root}/{parent_relative} --strip-components=1
sprint-f2	f1/workspaces/dcfdff44-070a-4929-b564-643bee14b5db	data	9715712	b509fce28772639093330c4bec91b98ffcdecdd0	surrogate/data	e39d71899d6b96e6280b4ad0d8207960c6a393f0e0d6e35b5ad77e854d361ea3	git -C {repo} archive {git_commit} {git_source} | tar -x -C {experiment_root}/{root}/{parent_relative} --strip-components=1
sprint-f2	f1/workspaces/e1e81a53-b83f-4057-a2da-7eaf0d39aeb5	data	9715712	b509fce28772639093330c4bec91b98ffcdecdd0	surrogate/data	e39d71899d6b96e6280b4ad0d8207960c6a393f0e0d6e35b5ad77e854d361ea3	git -C {repo} archive {git_commit} {git_source} | tar -x -C {experiment_root}/{root}/{parent_relative} --strip-components=1
sprint-f2	f2/champions/champion_v2	data	9715712	b509fce28772639093330c4bec91b98ffcdecdd0	surrogate/data	e39d71899d6b96e6280b4ad0d8207960c6a393f0e0d6e35b5ad77e854d361ea3	git -C {repo} archive {git_commit} {git_source} | tar -x -C {experiment_root}/{root}/{parent_relative} --strip-components=1
sprint-f2	f2/champions/champion_v3	data	9715712	b509fce28772639093330c4bec91b98ffcdecdd0	surrogate/data	e39d71899d6b96e6280b4ad0d8207960c6a393f0e0d6e35b5ad77e854d361ea3	git -C {repo} archive {git_commit} {git_source} | tar -x -C {experiment_root}/{root}/{parent_relative} --strip-components=1
sprint-f2	f2/weight_opt_v2	data	9715712	b509fce28772639093330c4bec91b98ffcdecdd0	surrogate/data	e39d71899d6b96e6280b4ad0d8207960c6a393f0e0d6e35b5ad77e854d361ea3	git -C {repo} archive {git_commit} {git_source} | tar -x -C {experiment_root}/{root}/{parent_relative} --strip-components=1
sprint-f2	f2/weight_opt_v3	data	9715712	b509fce28772639093330c4bec91b98ffcdecdd0	surrogate/data	e39d71899d6b96e6280b4ad0d8207960c6a393f0e0d6e35b5ad77e854d361ea3	git -C {repo} archive {git_commit} {git_source} | tar -x -C {experiment_root}/{root}/{parent_relative} --strip-components=1
sprint-f2	f2/workspaces/978e0e0e-78cc-40e1-9187-ea2740986167	data	9715712	b509fce28772639093330c4bec91b98ffcdecdd0	surrogate/data	e39d71899d6b96e6280b4ad0d8207960c6a393f0e0d6e35b5ad77e854d361ea3	git -C {repo} archive {git_commit} {git_source} | tar -x -C {experiment_root}/{root}/{parent_relative} --strip-components=1
sprint-f2	f2/workspaces/f71f53d5-d723-4b2e-b31e-93b94c0d2767	data	9715712	b509fce28772639093330c4bec91b98ffcdecdd0	surrogate/data	e39d71899d6b96e6280b4ad0d8207960c6a393f0e0d6e35b5ad77e854d361ea3	git -C {repo} archive {git_commit} {git_source} | tar -x -C {experiment_root}/{root}/{parent_relative} --strip-components=1
sprint-f2	f3/champions/champion_v2	data	9715712	b509fce28772639093330c4bec91b98ffcdecdd0	surrogate/data	e39d71899d6b96e6280b4ad0d8207960c6a393f0e0d6e35b5ad77e854d361ea3	git -C {repo} archive {git_commit} {git_source} | tar -x -C {experiment_root}/{root}/{parent_relative} --strip-components=1
sprint-f2	f3/champions/champion_v3	data	9715712	b509fce28772639093330c4bec91b98ffcdecdd0	surrogate/data	e39d71899d6b96e6280b4ad0d8207960c6a393f0e0d6e35b5ad77e854d361ea3	git -C {repo} archive {git_commit} {git_source} | tar -x -C {experiment_root}/{root}/{parent_relative} --strip-components=1
sprint-f2	f3/champions/champion_v4	data	9715712	b509fce28772639093330c4bec91b98ffcdecdd0	surrogate/data	e39d71899d6b96e6280b4ad0d8207960c6a393f0e0d6e35b5ad77e854d361ea3	git -C {repo} archive {git_commit} {git_source} | tar -x -C {experiment_root}/{root}/{parent_relative} --strip-components=1
sprint-f2	f3/champions/champion_v5	data	9715712	b509fce28772639093330c4bec91b98ffcdecdd0	surrogate/data	e39d71899d6b96e6280b4ad0d8207960c6a393f0e0d6e35b5ad77e854d361ea3	git -C {repo} archive {git_commit} {git_source} | tar -x -C {experiment_root}/{root}/{parent_relative} --strip-components=1
sprint-f2	f3/weight_opt_v2	data	9715712	b509fce28772639093330c4bec91b98ffcdecdd0	surrogate/data	e39d71899d6b96e6280b4ad0d8207960c6a393f0e0d6e35b5ad77e854d361ea3	git -C {repo} archive {git_commit} {git_source} | tar -x -C {experiment_root}/{root}/{parent_relative} --strip-components=1
sprint-f2	f3/weight_opt_v3	data	9715712	b509fce28772639093330c4bec91b98ffcdecdd0	surrogate/data	e39d71899d6b96e6280b4ad0d8207960c6a393f0e0d6e35b5ad77e854d361ea3	git -C {repo} archive {git_commit} {git_source} | tar -x -C {experiment_root}/{root}/{parent_relative} --strip-components=1
sprint-f2	f3/weight_opt_v4	data	9715712	b509fce28772639093330c4bec91b98ffcdecdd0	surrogate/data	e39d71899d6b96e6280b4ad0d8207960c6a393f0e0d6e35b5ad77e854d361ea3	git -C {repo} archive {git_commit} {git_source} | tar -x -C {experiment_root}/{root}/{parent_relative} --strip-components=1
sprint-f2	f3/weight_opt_v5	data	9715712	b509fce28772639093330c4bec91b98ffcdecdd0	surrogate/data	e39d71899d6b96e6280b4ad0d8207960c6a393f0e0d6e35b5ad77e854d361ea3	git -C {repo} archive {git_commit} {git_source} | tar -x -C {experiment_root}/{root}/{parent_relative} --strip-components=1
sprint-f2	f3/workspaces/026f236f-f552-45d6-8179-c82c7c663a0a	data	9715712	b509fce28772639093330c4bec91b98ffcdecdd0	surrogate/data	e39d71899d6b96e6280b4ad0d8207960c6a393f0e0d6e35b5ad77e854d361ea3	git -C {repo} archive {git_commit} {git_source} | tar -x -C {experiment_root}/{root}/{parent_relative} --strip-components=1
sprint-f2	f3/workspaces/b29fbb81-43bd-494d-990e-3d7d2dc83f30	data	9715712	b509fce28772639093330c4bec91b98ffcdecdd0	surrogate/data	e39d71899d6b96e6280b4ad0d8207960c6a393f0e0d6e35b5ad77e854d361ea3	git -C {repo} archive {git_commit} {git_source} | tar -x -C {experiment_root}/{root}/{parent_relative} --strip-components=1
sprint-f2	f3/workspaces/cfe80a30-2b15-4590-b167-1750bb805ab7	data	9715712	b509fce28772639093330c4bec91b98ffcdecdd0	surrogate/data	e39d71899d6b96e6280b4ad0d8207960c6a393f0e0d6e35b5ad77e854d361ea3	git -C {repo} archive {git_commit} {git_source} | tar -x -C {experiment_root}/{root}/{parent_relative} --strip-components=1
sprint-f2	f3/workspaces/fed428c2-1dd6-4e15-b98e-938c15fc62d7	data	9715712	b509fce28772639093330c4bec91b98ffcdecdd0	surrogate/data	e39d71899d6b96e6280b4ad0d8207960c6a393f0e0d6e35b5ad77e854d361ea3	git -C {repo} archive {git_commit} {git_source} | tar -x -C {experiment_root}/{root}/{parent_relative} --strip-components=1
sprint-f2	f1/champions/champion_v2	tests	147456	b509fce28772639093330c4bec91b98ffcdecdd0	surrogate/tests	1a5380ef3c6bc0305d3dc17904c22039e4d1a5e7534ac87e44649caf5099fde3	git -C {repo} archive {git_commit} {git_source} | tar -x -C {experiment_root}/{root}/{parent_relative} --strip-components=1
sprint-f2	f1/champions/champion_v3	tests	147456	b509fce28772639093330c4bec91b98ffcdecdd0	surrogate/tests	1a5380ef3c6bc0305d3dc17904c22039e4d1a5e7534ac87e44649caf5099fde3	git -C {repo} archive {git_commit} {git_source} | tar -x -C {experiment_root}/{root}/{parent_relative} --strip-components=1
sprint-f2	f1/champions/champion_v4	tests	147456	b509fce28772639093330c4bec91b98ffcdecdd0	surrogate/tests	1a5380ef3c6bc0305d3dc17904c22039e4d1a5e7534ac87e44649caf5099fde3	git -C {repo} archive {git_commit} {git_source} | tar -x -C {experiment_root}/{root}/{parent_relative} --strip-components=1
sprint-f2	f1/weight_opt_v2	tests	147456	b509fce28772639093330c4bec91b98ffcdecdd0	surrogate/tests	1a5380ef3c6bc0305d3dc17904c22039e4d1a5e7534ac87e44649caf5099fde3	git -C {repo} archive {git_commit} {git_source} | tar -x -C {experiment_root}/{root}/{parent_relative} --strip-components=1
sprint-f2	f1/weight_opt_v3	tests	147456	b509fce28772639093330c4bec91b98ffcdecdd0	surrogate/tests	1a5380ef3c6bc0305d3dc17904c22039e4d1a5e7534ac87e44649caf5099fde3	git -C {repo} archive {git_commit} {git_source} | tar -x -C {experiment_root}/{root}/{parent_relative} --strip-components=1
sprint-f2	f1/weight_opt_v4	tests	147456	b509fce28772639093330c4bec91b98ffcdecdd0	surrogate/tests	1a5380ef3c6bc0305d3dc17904c22039e4d1a5e7534ac87e44649caf5099fde3	git -C {repo} archive {git_commit} {git_source} | tar -x -C {experiment_root}/{root}/{parent_relative} --strip-components=1
sprint-f2	f1/workspaces/d4dbfffd-dd15-4e75-8347-64c7e908aab5	tests	147456	b509fce28772639093330c4bec91b98ffcdecdd0	surrogate/tests	1a5380ef3c6bc0305d3dc17904c22039e4d1a5e7534ac87e44649caf5099fde3	git -C {repo} archive {git_commit} {git_source} | tar -x -C {experiment_root}/{root}/{parent_relative} --strip-components=1
sprint-f2	f1/workspaces/dcfdff44-070a-4929-b564-643bee14b5db	tests	147456	b509fce28772639093330c4bec91b98ffcdecdd0	surrogate/tests	1a5380ef3c6bc0305d3dc17904c22039e4d1a5e7534ac87e44649caf5099fde3	git -C {repo} archive {git_commit} {git_source} | tar -x -C {experiment_root}/{root}/{parent_relative} --strip-components=1
sprint-f2	f1/workspaces/e1e81a53-b83f-4057-a2da-7eaf0d39aeb5	tests	147456	b509fce28772639093330c4bec91b98ffcdecdd0	surrogate/tests	1a5380ef3c6bc0305d3dc17904c22039e4d1a5e7534ac87e44649caf5099fde3	git -C {repo} archive {git_commit} {git_source} | tar -x -C {experiment_root}/{root}/{parent_relative} --strip-components=1
sprint-f2	f2/champions/champion_v2	tests	147456	b509fce28772639093330c4bec91b98ffcdecdd0	surrogate/tests	1a5380ef3c6bc0305d3dc17904c22039e4d1a5e7534ac87e44649caf5099fde3	git -C {repo} archive {git_commit} {git_source} | tar -x -C {experiment_root}/{root}/{parent_relative} --strip-components=1
sprint-f2	f2/champions/champion_v3	tests	147456	b509fce28772639093330c4bec91b98ffcdecdd0	surrogate/tests	1a5380ef3c6bc0305d3dc17904c22039e4d1a5e7534ac87e44649caf5099fde3	git -C {repo} archive {git_commit} {git_source} | tar -x -C {experiment_root}/{root}/{parent_relative} --strip-components=1
sprint-f2	f2/weight_opt_v2	tests	147456	b509fce28772639093330c4bec91b98ffcdecdd0	surrogate/tests	1a5380ef3c6bc0305d3dc17904c22039e4d1a5e7534ac87e44649caf5099fde3	git -C {repo} archive {git_commit} {git_source} | tar -x -C {experiment_root}/{root}/{parent_relative} --strip-components=1
sprint-f2	f2/weight_opt_v3	tests	147456	b509fce28772639093330c4bec91b98ffcdecdd0	surrogate/tests	1a5380ef3c6bc0305d3dc17904c22039e4d1a5e7534ac87e44649caf5099fde3	git -C {repo} archive {git_commit} {git_source} | tar -x -C {experiment_root}/{root}/{parent_relative} --strip-components=1
sprint-f2	f2/workspaces/978e0e0e-78cc-40e1-9187-ea2740986167	tests	147456	b509fce28772639093330c4bec91b98ffcdecdd0	surrogate/tests	1a5380ef3c6bc0305d3dc17904c22039e4d1a5e7534ac87e44649caf5099fde3	git -C {repo} archive {git_commit} {git_source} | tar -x -C {experiment_root}/{root}/{parent_relative} --strip-components=1
sprint-f2	f2/workspaces/f71f53d5-d723-4b2e-b31e-93b94c0d2767	tests	147456	b509fce28772639093330c4bec91b98ffcdecdd0	surrogate/tests	1a5380ef3c6bc0305d3dc17904c22039e4d1a5e7534ac87e44649caf5099fde3	git -C {repo} archive {git_commit} {git_source} | tar -x -C {experiment_root}/{root}/{parent_relative} --strip-components=1
sprint-f2	f3/champions/champion_v2	tests	147456	b509fce28772639093330c4bec91b98ffcdecdd0	surrogate/tests	1a5380ef3c6bc0305d3dc17904c22039e4d1a5e7534ac87e44649caf5099fde3	git -C {repo} archive {git_commit} {git_source} | tar -x -C {experiment_root}/{root}/{parent_relative} --strip-components=1
sprint-f2	f3/champions/champion_v3	tests	147456	b509fce28772639093330c4bec91b98ffcdecdd0	surrogate/tests	1a5380ef3c6bc0305d3dc17904c22039e4d1a5e7534ac87e44649caf5099fde3	git -C {repo} archive {git_commit} {git_source} | tar -x -C {experiment_root}/{root}/{parent_relative} --strip-components=1
sprint-f2	f3/champions/champion_v4	tests	147456	b509fce28772639093330c4bec91b98ffcdecdd0	surrogate/tests	1a5380ef3c6bc0305d3dc17904c22039e4d1a5e7534ac87e44649caf5099fde3	git -C {repo} archive {git_commit} {git_source} | tar -x -C {experiment_root}/{root}/{parent_relative} --strip-components=1
sprint-f2	f3/champions/champion_v5	tests	147456	b509fce28772639093330c4bec91b98ffcdecdd0	surrogate/tests	1a5380ef3c6bc0305d3dc17904c22039e4d1a5e7534ac87e44649caf5099fde3	git -C {repo} archive {git_commit} {git_source} | tar -x -C {experiment_root}/{root}/{parent_relative} --strip-components=1
sprint-f2	f3/weight_opt_v2	tests	147456	b509fce28772639093330c4bec91b98ffcdecdd0	surrogate/tests	1a5380ef3c6bc0305d3dc17904c22039e4d1a5e7534ac87e44649caf5099fde3	git -C {repo} archive {git_commit} {git_source} | tar -x -C {experiment_root}/{root}/{parent_relative} --strip-components=1
sprint-f2	f3/weight_opt_v3	tests	147456	b509fce28772639093330c4bec91b98ffcdecdd0	surrogate/tests	1a5380ef3c6bc0305d3dc17904c22039e4d1a5e7534ac87e44649caf5099fde3	git -C {repo} archive {git_commit} {git_source} | tar -x -C {experiment_root}/{root}/{parent_relative} --strip-components=1
sprint-f2	f3/weight_opt_v4	tests	147456	b509fce28772639093330c4bec91b98ffcdecdd0	surrogate/tests	1a5380ef3c6bc0305d3dc17904c22039e4d1a5e7534ac87e44649caf5099fde3	git -C {repo} archive {git_commit} {git_source} | tar -x -C {experiment_root}/{root}/{parent_relative} --strip-components=1
sprint-f2	f3/weight_opt_v5	tests	147456	b509fce28772639093330c4bec91b98ffcdecdd0	surrogate/tests	1a5380ef3c6bc0305d3dc17904c22039e4d1a5e7534ac87e44649caf5099fde3	git -C {repo} archive {git_commit} {git_source} | tar -x -C {experiment_root}/{root}/{parent_relative} --strip-components=1
sprint-f2	f3/workspaces/026f236f-f552-45d6-8179-c82c7c663a0a	tests	147456	b509fce28772639093330c4bec91b98ffcdecdd0	surrogate/tests	1a5380ef3c6bc0305d3dc17904c22039e4d1a5e7534ac87e44649caf5099fde3	git -C {repo} archive {git_commit} {git_source} | tar -x -C {experiment_root}/{root}/{parent_relative} --strip-components=1
sprint-f2	f3/workspaces/b29fbb81-43bd-494d-990e-3d7d2dc83f30	tests	147456	b509fce28772639093330c4bec91b98ffcdecdd0	surrogate/tests	1a5380ef3c6bc0305d3dc17904c22039e4d1a5e7534ac87e44649caf5099fde3	git -C {repo} archive {git_commit} {git_source} | tar -x -C {experiment_root}/{root}/{parent_relative} --strip-components=1
sprint-f2	f3/workspaces/cfe80a30-2b15-4590-b167-1750bb805ab7	tests	147456	b509fce28772639093330c4bec91b98ffcdecdd0	surrogate/tests	1a5380ef3c6bc0305d3dc17904c22039e4d1a5e7534ac87e44649caf5099fde3	git -C {repo} archive {git_commit} {git_source} | tar -x -C {experiment_root}/{root}/{parent_relative} --strip-components=1
sprint-f2	f3/workspaces/fed428c2-1dd6-4e15-b98e-938c15fc62d7	tests	147456	b509fce28772639093330c4bec91b98ffcdecdd0	surrogate/tests	1a5380ef3c6bc0305d3dc17904c22039e4d1a5e7534ac87e44649caf5099fde3	git -C {repo} archive {git_commit} {git_source} | tar -x -C {experiment_root}/{root}/{parent_relative} --strip-components=1
sprint-f3	f1/champions/champion_v2	data	9715712	dbc999711d0cc40c43a4260a298dfb88e36a64bd	surrogate/data	e39d71899d6b96e6280b4ad0d8207960c6a393f0e0d6e35b5ad77e854d361ea3	git -C {repo} archive {git_commit} {git_source} | tar -x -C {experiment_root}/{root}/{parent_relative} --strip-components=1
sprint-f3	f1/champions/champion_v3	data	9715712	dbc999711d0cc40c43a4260a298dfb88e36a64bd	surrogate/data	e39d71899d6b96e6280b4ad0d8207960c6a393f0e0d6e35b5ad77e854d361ea3	git -C {repo} archive {git_commit} {git_source} | tar -x -C {experiment_root}/{root}/{parent_relative} --strip-components=1
sprint-f3	f1/weight_opt_v2	data	9715712	dbc999711d0cc40c43a4260a298dfb88e36a64bd	surrogate/data	e39d71899d6b96e6280b4ad0d8207960c6a393f0e0d6e35b5ad77e854d361ea3	git -C {repo} archive {git_commit} {git_source} | tar -x -C {experiment_root}/{root}/{parent_relative} --strip-components=1
sprint-f3	f1/weight_opt_v3	data	9715712	dbc999711d0cc40c43a4260a298dfb88e36a64bd	surrogate/data	e39d71899d6b96e6280b4ad0d8207960c6a393f0e0d6e35b5ad77e854d361ea3	git -C {repo} archive {git_commit} {git_source} | tar -x -C {experiment_root}/{root}/{parent_relative} --strip-components=1
sprint-f3	f1/workspaces/2aaa243a-a7d5-4e9e-ba17-902eba13838f	data	9715712	dbc999711d0cc40c43a4260a298dfb88e36a64bd	surrogate/data	e39d71899d6b96e6280b4ad0d8207960c6a393f0e0d6e35b5ad77e854d361ea3	git -C {repo} archive {git_commit} {git_source} | tar -x -C {experiment_root}/{root}/{parent_relative} --strip-components=1
sprint-f3	f1/workspaces/445623fa-47d3-4e21-ac85-1e80f1585b74	data	9715712	dbc999711d0cc40c43a4260a298dfb88e36a64bd	surrogate/data	e39d71899d6b96e6280b4ad0d8207960c6a393f0e0d6e35b5ad77e854d361ea3	git -C {repo} archive {git_commit} {git_source} | tar -x -C {experiment_root}/{root}/{parent_relative} --strip-components=1
sprint-f3	f2/champions/champion_v2	data	9715712	dbc999711d0cc40c43a4260a298dfb88e36a64bd	surrogate/data	e39d71899d6b96e6280b4ad0d8207960c6a393f0e0d6e35b5ad77e854d361ea3	git -C {repo} archive {git_commit} {git_source} | tar -x -C {experiment_root}/{root}/{parent_relative} --strip-components=1
sprint-f3	f2/champions/champion_v3	data	9715712	dbc999711d0cc40c43a4260a298dfb88e36a64bd	surrogate/data	e39d71899d6b96e6280b4ad0d8207960c6a393f0e0d6e35b5ad77e854d361ea3	git -C {repo} archive {git_commit} {git_source} | tar -x -C {experiment_root}/{root}/{parent_relative} --strip-components=1
sprint-f3	f2/champions/champion_v4	data	9715712	dbc999711d0cc40c43a4260a298dfb88e36a64bd	surrogate/data	e39d71899d6b96e6280b4ad0d8207960c6a393f0e0d6e35b5ad77e854d361ea3	git -C {repo} archive {git_commit} {git_source} | tar -x -C {experiment_root}/{root}/{parent_relative} --strip-components=1
sprint-f3	f2/weight_opt_v2	data	9715712	dbc999711d0cc40c43a4260a298dfb88e36a64bd	surrogate/data	e39d71899d6b96e6280b4ad0d8207960c6a393f0e0d6e35b5ad77e854d361ea3	git -C {repo} archive {git_commit} {git_source} | tar -x -C {experiment_root}/{root}/{parent_relative} --strip-components=1
sprint-f3	f2/weight_opt_v3	data	9715712	dbc999711d0cc40c43a4260a298dfb88e36a64bd	surrogate/data	e39d71899d6b96e6280b4ad0d8207960c6a393f0e0d6e35b5ad77e854d361ea3	git -C {repo} archive {git_commit} {git_source} | tar -x -C {experiment_root}/{root}/{parent_relative} --strip-components=1
sprint-f3	f2/weight_opt_v4	data	9715712	dbc999711d0cc40c43a4260a298dfb88e36a64bd	surrogate/data	e39d71899d6b96e6280b4ad0d8207960c6a393f0e0d6e35b5ad77e854d361ea3	git -C {repo} archive {git_commit} {git_source} | tar -x -C {experiment_root}/{root}/{parent_relative} --strip-components=1
sprint-f3	f2/workspaces/53e962eb-1b25-4846-9a0b-3943826133d1	data	9715712	dbc999711d0cc40c43a4260a298dfb88e36a64bd	surrogate/data	e39d71899d6b96e6280b4ad0d8207960c6a393f0e0d6e35b5ad77e854d361ea3	git -C {repo} archive {git_commit} {git_source} | tar -x -C {experiment_root}/{root}/{parent_relative} --strip-components=1
sprint-f3	f2/workspaces/b6ba60e7-65e6-4344-9712-3767ab591589	data	9715712	dbc999711d0cc40c43a4260a298dfb88e36a64bd	surrogate/data	e39d71899d6b96e6280b4ad0d8207960c6a393f0e0d6e35b5ad77e854d361ea3	git -C {repo} archive {git_commit} {git_source} | tar -x -C {experiment_root}/{root}/{parent_relative} --strip-components=1
sprint-f3	f2/workspaces/c4c106f5-fd5e-44fd-a08e-b5b11a97d351	data	9715712	dbc999711d0cc40c43a4260a298dfb88e36a64bd	surrogate/data	e39d71899d6b96e6280b4ad0d8207960c6a393f0e0d6e35b5ad77e854d361ea3	git -C {repo} archive {git_commit} {git_source} | tar -x -C {experiment_root}/{root}/{parent_relative} --strip-components=1
sprint-f3	f3/champions/champion_v2	data	9715712	dbc999711d0cc40c43a4260a298dfb88e36a64bd	surrogate/data	e39d71899d6b96e6280b4ad0d8207960c6a393f0e0d6e35b5ad77e854d361ea3	git -C {repo} archive {git_commit} {git_source} | tar -x -C {experiment_root}/{root}/{parent_relative} --strip-components=1
sprint-f3	f3/champions/champion_v3	data	9715712	dbc999711d0cc40c43a4260a298dfb88e36a64bd	surrogate/data	e39d71899d6b96e6280b4ad0d8207960c6a393f0e0d6e35b5ad77e854d361ea3	git -C {repo} archive {git_commit} {git_source} | tar -x -C {experiment_root}/{root}/{parent_relative} --strip-components=1
sprint-f3	f3/weight_opt_v2	data	9715712	dbc999711d0cc40c43a4260a298dfb88e36a64bd	surrogate/data	e39d71899d6b96e6280b4ad0d8207960c6a393f0e0d6e35b5ad77e854d361ea3	git -C {repo} archive {git_commit} {git_source} | tar -x -C {experiment_root}/{root}/{parent_relative} --strip-components=1
sprint-f3	f3/weight_opt_v3	data	9715712	dbc999711d0cc40c43a4260a298dfb88e36a64bd	surrogate/data	e39d71899d6b96e6280b4ad0d8207960c6a393f0e0d6e35b5ad77e854d361ea3	git -C {repo} archive {git_commit} {git_source} | tar -x -C {experiment_root}/{root}/{parent_relative} --strip-components=1
sprint-f3	f3/workspaces/863ad76a-26ed-4c1c-ae0e-68fabbbb4ec2	data	9715712	dbc999711d0cc40c43a4260a298dfb88e36a64bd	surrogate/data	e39d71899d6b96e6280b4ad0d8207960c6a393f0e0d6e35b5ad77e854d361ea3	git -C {repo} archive {git_commit} {git_source} | tar -x -C {experiment_root}/{root}/{parent_relative} --strip-components=1
sprint-f3	f3/workspaces/ad04af7c-fac7-4ed7-a3d3-73279de7f095	data	9715712	dbc999711d0cc40c43a4260a298dfb88e36a64bd	surrogate/data	e39d71899d6b96e6280b4ad0d8207960c6a393f0e0d6e35b5ad77e854d361ea3	git -C {repo} archive {git_commit} {git_source} | tar -x -C {experiment_root}/{root}/{parent_relative} --strip-components=1
sprint-f3	f1/champions/champion_v2	tests	147456	dbc999711d0cc40c43a4260a298dfb88e36a64bd	surrogate/tests	1a5380ef3c6bc0305d3dc17904c22039e4d1a5e7534ac87e44649caf5099fde3	git -C {repo} archive {git_commit} {git_source} | tar -x -C {experiment_root}/{root}/{parent_relative} --strip-components=1
sprint-f3	f1/champions/champion_v3	tests	147456	dbc999711d0cc40c43a4260a298dfb88e36a64bd	surrogate/tests	1a5380ef3c6bc0305d3dc17904c22039e4d1a5e7534ac87e44649caf5099fde3	git -C {repo} archive {git_commit} {git_source} | tar -x -C {experiment_root}/{root}/{parent_relative} --strip-components=1
sprint-f3	f1/weight_opt_v2	tests	147456	dbc999711d0cc40c43a4260a298dfb88e36a64bd	surrogate/tests	1a5380ef3c6bc0305d3dc17904c22039e4d1a5e7534ac87e44649caf5099fde3	git -C {repo} archive {git_commit} {git_source} | tar -x -C {experiment_root}/{root}/{parent_relative} --strip-components=1
sprint-f3	f1/weight_opt_v3	tests	147456	dbc999711d0cc40c43a4260a298dfb88e36a64bd	surrogate/tests	1a5380ef3c6bc0305d3dc17904c22039e4d1a5e7534ac87e44649caf5099fde3	git -C {repo} archive {git_commit} {git_source} | tar -x -C {experiment_root}/{root}/{parent_relative} --strip-components=1
sprint-f3	f1/workspaces/2aaa243a-a7d5-4e9e-ba17-902eba13838f	tests	147456	dbc999711d0cc40c43a4260a298dfb88e36a64bd	surrogate/tests	1a5380ef3c6bc0305d3dc17904c22039e4d1a5e7534ac87e44649caf5099fde3	git -C {repo} archive {git_commit} {git_source} | tar -x -C {experiment_root}/{root}/{parent_relative} --strip-components=1
sprint-f3	f1/workspaces/445623fa-47d3-4e21-ac85-1e80f1585b74	tests	147456	dbc999711d0cc40c43a4260a298dfb88e36a64bd	surrogate/tests	1a5380ef3c6bc0305d3dc17904c22039e4d1a5e7534ac87e44649caf5099fde3	git -C {repo} archive {git_commit} {git_source} | tar -x -C {experiment_root}/{root}/{parent_relative} --strip-components=1
sprint-f3	f2/champions/champion_v2	tests	147456	dbc999711d0cc40c43a4260a298dfb88e36a64bd	surrogate/tests	1a5380ef3c6bc0305d3dc17904c22039e4d1a5e7534ac87e44649caf5099fde3	git -C {repo} archive {git_commit} {git_source} | tar -x -C {experiment_root}/{root}/{parent_relative} --strip-components=1
sprint-f3	f2/champions/champion_v3	tests	147456	dbc999711d0cc40c43a4260a298dfb88e36a64bd	surrogate/tests	1a5380ef3c6bc0305d3dc17904c22039e4d1a5e7534ac87e44649caf5099fde3	git -C {repo} archive {git_commit} {git_source} | tar -x -C {experiment_root}/{root}/{parent_relative} --strip-components=1
sprint-f3	f2/champions/champion_v4	tests	147456	dbc999711d0cc40c43a4260a298dfb88e36a64bd	surrogate/tests	1a5380ef3c6bc0305d3dc17904c22039e4d1a5e7534ac87e44649caf5099fde3	git -C {repo} archive {git_commit} {git_source} | tar -x -C {experiment_root}/{root}/{parent_relative} --strip-components=1
sprint-f3	f2/weight_opt_v2	tests	147456	dbc999711d0cc40c43a4260a298dfb88e36a64bd	surrogate/tests	1a5380ef3c6bc0305d3dc17904c22039e4d1a5e7534ac87e44649caf5099fde3	git -C {repo} archive {git_commit} {git_source} | tar -x -C {experiment_root}/{root}/{parent_relative} --strip-components=1
sprint-f3	f2/weight_opt_v3	tests	147456	dbc999711d0cc40c43a4260a298dfb88e36a64bd	surrogate/tests	1a5380ef3c6bc0305d3dc17904c22039e4d1a5e7534ac87e44649caf5099fde3	git -C {repo} archive {git_commit} {git_source} | tar -x -C {experiment_root}/{root}/{parent_relative} --strip-components=1
sprint-f3	f2/weight_opt_v4	tests	147456	dbc999711d0cc40c43a4260a298dfb88e36a64bd	surrogate/tests	1a5380ef3c6bc0305d3dc17904c22039e4d1a5e7534ac87e44649caf5099fde3	git -C {repo} archive {git_commit} {git_source} | tar -x -C {experiment_root}/{root}/{parent_relative} --strip-components=1
sprint-f3	f2/workspaces/53e962eb-1b25-4846-9a0b-3943826133d1	tests	147456	dbc999711d0cc40c43a4260a298dfb88e36a64bd	surrogate/tests	1a5380ef3c6bc0305d3dc17904c22039e4d1a5e7534ac87e44649caf5099fde3	git -C {repo} archive {git_commit} {git_source} | tar -x -C {experiment_root}/{root}/{parent_relative} --strip-components=1
sprint-f3	f2/workspaces/b6ba60e7-65e6-4344-9712-3767ab591589	tests	147456	dbc999711d0cc40c43a4260a298dfb88e36a64bd	surrogate/tests	1a5380ef3c6bc0305d3dc17904c22039e4d1a5e7534ac87e44649caf5099fde3	git -C {repo} archive {git_commit} {git_source} | tar -x -C {experiment_root}/{root}/{parent_relative} --strip-components=1
sprint-f3	f2/workspaces/c4c106f5-fd5e-44fd-a08e-b5b11a97d351	tests	147456	dbc999711d0cc40c43a4260a298dfb88e36a64bd	surrogate/tests	1a5380ef3c6bc0305d3dc17904c22039e4d1a5e7534ac87e44649caf5099fde3	git -C {repo} archive {git_commit} {git_source} | tar -x -C {experiment_root}/{root}/{parent_relative} --strip-components=1
sprint-f3	f3/champions/champion_v2	tests	147456	dbc999711d0cc40c43a4260a298dfb88e36a64bd	surrogate/tests	1a5380ef3c6bc0305d3dc17904c22039e4d1a5e7534ac87e44649caf5099fde3	git -C {repo} archive {git_commit} {git_source} | tar -x -C {experiment_root}/{root}/{parent_relative} --strip-components=1
sprint-f3	f3/champions/champion_v3	tests	147456	dbc999711d0cc40c43a4260a298dfb88e36a64bd	surrogate/tests	1a5380ef3c6bc0305d3dc17904c22039e4d1a5e7534ac87e44649caf5099fde3	git -C {repo} archive {git_commit} {git_source} | tar -x -C {experiment_root}/{root}/{parent_relative} --strip-components=1
sprint-f3	f3/weight_opt_v2	tests	147456	dbc999711d0cc40c43a4260a298dfb88e36a64bd	surrogate/tests	1a5380ef3c6bc0305d3dc17904c22039e4d1a5e7534ac87e44649caf5099fde3	git -C {repo} archive {git_commit} {git_source} | tar -x -C {experiment_root}/{root}/{parent_relative} --strip-components=1
sprint-f3	f3/weight_opt_v3	tests	147456	dbc999711d0cc40c43a4260a298dfb88e36a64bd	surrogate/tests	1a5380ef3c6bc0305d3dc17904c22039e4d1a5e7534ac87e44649caf5099fde3	git -C {repo} archive {git_commit} {git_source} | tar -x -C {experiment_root}/{root}/{parent_relative} --strip-components=1
sprint-f3	f3/workspaces/863ad76a-26ed-4c1c-ae0e-68fabbbb4ec2	tests	147456	dbc999711d0cc40c43a4260a298dfb88e36a64bd	surrogate/tests	1a5380ef3c6bc0305d3dc17904c22039e4d1a5e7534ac87e44649caf5099fde3	git -C {repo} archive {git_commit} {git_source} | tar -x -C {experiment_root}/{root}/{parent_relative} --strip-components=1
sprint-f3	f3/workspaces/ad04af7c-fac7-4ed7-a3d3-73279de7f095	tests	147456	dbc999711d0cc40c43a4260a298dfb88e36a64bd	surrogate/tests	1a5380ef3c6bc0305d3dc17904c22039e4d1a5e7534ac87e44649caf5099fde3	git -C {repo} archive {git_commit} {git_source} | tar -x -C {experiment_root}/{root}/{parent_relative} --strip-components=1
sprint-f4	group_a/champions/champion_v2	data	9715712	305cda29433984420db7f1b4396e3adebbfa792d	surrogate/data	e39d71899d6b96e6280b4ad0d8207960c6a393f0e0d6e35b5ad77e854d361ea3	git -C {repo} archive {git_commit} {git_source} | tar -x -C {experiment_root}/{root}/{parent_relative} --strip-components=1
sprint-f4	group_a/champions/champion_v3	data	9715712	305cda29433984420db7f1b4396e3adebbfa792d	surrogate/data	e39d71899d6b96e6280b4ad0d8207960c6a393f0e0d6e35b5ad77e854d361ea3	git -C {repo} archive {git_commit} {git_source} | tar -x -C {experiment_root}/{root}/{parent_relative} --strip-components=1
sprint-f4	group_a/weight_opt_v2	data	9715712	305cda29433984420db7f1b4396e3adebbfa792d	surrogate/data	e39d71899d6b96e6280b4ad0d8207960c6a393f0e0d6e35b5ad77e854d361ea3	git -C {repo} archive {git_commit} {git_source} | tar -x -C {experiment_root}/{root}/{parent_relative} --strip-components=1
sprint-f4	group_a/weight_opt_v3	data	9715712	305cda29433984420db7f1b4396e3adebbfa792d	surrogate/data	e39d71899d6b96e6280b4ad0d8207960c6a393f0e0d6e35b5ad77e854d361ea3	git -C {repo} archive {git_commit} {git_source} | tar -x -C {experiment_root}/{root}/{parent_relative} --strip-components=1
sprint-f4	group_a/workspaces/228f3203-ebc4-4311-8193-fa113b3cd1d2	data	9715712	305cda29433984420db7f1b4396e3adebbfa792d	surrogate/data	e39d71899d6b96e6280b4ad0d8207960c6a393f0e0d6e35b5ad77e854d361ea3	git -C {repo} archive {git_commit} {git_source} | tar -x -C {experiment_root}/{root}/{parent_relative} --strip-components=1
sprint-f4	group_a/workspaces/235348b7-b01e-45ab-913e-2872181ae5fb	data	9715712	305cda29433984420db7f1b4396e3adebbfa792d	surrogate/data	e39d71899d6b96e6280b4ad0d8207960c6a393f0e0d6e35b5ad77e854d361ea3	git -C {repo} archive {git_commit} {git_source} | tar -x -C {experiment_root}/{root}/{parent_relative} --strip-components=1
sprint-f4	group_a/workspaces/83a5dd59-3914-443b-b09f-cc2e8e49c228	data	9715712	305cda29433984420db7f1b4396e3adebbfa792d	surrogate/data	e39d71899d6b96e6280b4ad0d8207960c6a393f0e0d6e35b5ad77e854d361ea3	git -C {repo} archive {git_commit} {git_source} | tar -x -C {experiment_root}/{root}/{parent_relative} --strip-components=1
sprint-f4	group_a/workspaces/93c35fa4-2089-451e-aeb3-15915f568292	data	9715712	305cda29433984420db7f1b4396e3adebbfa792d	surrogate/data	e39d71899d6b96e6280b4ad0d8207960c6a393f0e0d6e35b5ad77e854d361ea3	git -C {repo} archive {git_commit} {git_source} | tar -x -C {experiment_root}/{root}/{parent_relative} --strip-components=1
sprint-f4	group_b/champions/champion_v2	data	9715712	305cda29433984420db7f1b4396e3adebbfa792d	surrogate/data	e39d71899d6b96e6280b4ad0d8207960c6a393f0e0d6e35b5ad77e854d361ea3	git -C {repo} archive {git_commit} {git_source} | tar -x -C {experiment_root}/{root}/{parent_relative} --strip-components=1
sprint-f4	group_b/weight_opt_v2	data	9715712	305cda29433984420db7f1b4396e3adebbfa792d	surrogate/data	e39d71899d6b96e6280b4ad0d8207960c6a393f0e0d6e35b5ad77e854d361ea3	git -C {repo} archive {git_commit} {git_source} | tar -x -C {experiment_root}/{root}/{parent_relative} --strip-components=1
sprint-f4	group_b/workspaces/26dff173-5f01-40c8-afa3-af94aeb4f512	data	9715712	305cda29433984420db7f1b4396e3adebbfa792d	surrogate/data	e39d71899d6b96e6280b4ad0d8207960c6a393f0e0d6e35b5ad77e854d361ea3	git -C {repo} archive {git_commit} {git_source} | tar -x -C {experiment_root}/{root}/{parent_relative} --strip-components=1
sprint-f4	group_b/workspaces/cc815fd9-be2d-4fda-81ac-ab0a2014ed05	data	9715712	305cda29433984420db7f1b4396e3adebbfa792d	surrogate/data	e39d71899d6b96e6280b4ad0d8207960c6a393f0e0d6e35b5ad77e854d361ea3	git -C {repo} archive {git_commit} {git_source} | tar -x -C {experiment_root}/{root}/{parent_relative} --strip-components=1
sprint-f4	group_a/champions/champion_v2	tests	147456	305cda29433984420db7f1b4396e3adebbfa792d	surrogate/tests	4bc59ca71037bd65e2e3e038024e559009d0f06998018a678fe0e19dda562994	git -C {repo} archive {git_commit} {git_source} | tar -x -C {experiment_root}/{root}/{parent_relative} --strip-components=1
sprint-f4	group_a/champions/champion_v3	tests	147456	305cda29433984420db7f1b4396e3adebbfa792d	surrogate/tests	4bc59ca71037bd65e2e3e038024e559009d0f06998018a678fe0e19dda562994	git -C {repo} archive {git_commit} {git_source} | tar -x -C {experiment_root}/{root}/{parent_relative} --strip-components=1
sprint-f4	group_a/weight_opt_v2	tests	147456	305cda29433984420db7f1b4396e3adebbfa792d	surrogate/tests	4bc59ca71037bd65e2e3e038024e559009d0f06998018a678fe0e19dda562994	git -C {repo} archive {git_commit} {git_source} | tar -x -C {experiment_root}/{root}/{parent_relative} --strip-components=1
sprint-f4	group_a/weight_opt_v3	tests	147456	305cda29433984420db7f1b4396e3adebbfa792d	surrogate/tests	4bc59ca71037bd65e2e3e038024e559009d0f06998018a678fe0e19dda562994	git -C {repo} archive {git_commit} {git_source} | tar -x -C {experiment_root}/{root}/{parent_relative} --strip-components=1
sprint-f4	group_a/workspaces/228f3203-ebc4-4311-8193-fa113b3cd1d2	tests	147456	305cda29433984420db7f1b4396e3adebbfa792d	surrogate/tests	4bc59ca71037bd65e2e3e038024e559009d0f06998018a678fe0e19dda562994	git -C {repo} archive {git_commit} {git_source} | tar -x -C {experiment_root}/{root}/{parent_relative} --strip-components=1
sprint-f4	group_a/workspaces/235348b7-b01e-45ab-913e-2872181ae5fb	tests	147456	305cda29433984420db7f1b4396e3adebbfa792d	surrogate/tests	4bc59ca71037bd65e2e3e038024e559009d0f06998018a678fe0e19dda562994	git -C {repo} archive {git_commit} {git_source} | tar -x -C {experiment_root}/{root}/{parent_relative} --strip-components=1
sprint-f4	group_a/workspaces/83a5dd59-3914-443b-b09f-cc2e8e49c228	tests	147456	305cda29433984420db7f1b4396e3adebbfa792d	surrogate/tests	4bc59ca71037bd65e2e3e038024e559009d0f06998018a678fe0e19dda562994	git -C {repo} archive {git_commit} {git_source} | tar -x -C {experiment_root}/{root}/{parent_relative} --strip-components=1
sprint-f4	group_a/workspaces/93c35fa4-2089-451e-aeb3-15915f568292	tests	147456	305cda29433984420db7f1b4396e3adebbfa792d	surrogate/tests	4bc59ca71037bd65e2e3e038024e559009d0f06998018a678fe0e19dda562994	git -C {repo} archive {git_commit} {git_source} | tar -x -C {experiment_root}/{root}/{parent_relative} --strip-components=1
sprint-f4	group_b/champions/champion_v2	tests	147456	305cda29433984420db7f1b4396e3adebbfa792d	surrogate/tests	4bc59ca71037bd65e2e3e038024e559009d0f06998018a678fe0e19dda562994	git -C {repo} archive {git_commit} {git_source} | tar -x -C {experiment_root}/{root}/{parent_relative} --strip-components=1
sprint-f4	group_b/weight_opt_v2	tests	147456	305cda29433984420db7f1b4396e3adebbfa792d	surrogate/tests	4bc59ca71037bd65e2e3e038024e559009d0f06998018a678fe0e19dda562994	git -C {repo} archive {git_commit} {git_source} | tar -x -C {experiment_root}/{root}/{parent_relative} --strip-components=1
sprint-f4	group_b/workspaces/26dff173-5f01-40c8-afa3-af94aeb4f512	tests	147456	305cda29433984420db7f1b4396e3adebbfa792d	surrogate/tests	4bc59ca71037bd65e2e3e038024e559009d0f06998018a678fe0e19dda562994	git -C {repo} archive {git_commit} {git_source} | tar -x -C {experiment_root}/{root}/{parent_relative} --strip-components=1
sprint-f4	group_b/workspaces/cc815fd9-be2d-4fda-81ac-ab0a2014ed05	tests	147456	305cda29433984420db7f1b4396e3adebbfa792d	surrogate/tests	4bc59ca71037bd65e2e3e038024e559009d0f06998018a678fe0e19dda562994	git -C {repo} archive {git_commit} {git_source} | tar -x -C {experiment_root}/{root}/{parent_relative} --strip-components=1
sprint-f5	group_a/champions/champion_v2	data	9715712	5edebf7d14785144ae13c14af2e56049ffbeeb52	surrogate/data	e39d71899d6b96e6280b4ad0d8207960c6a393f0e0d6e35b5ad77e854d361ea3	git -C {repo} archive {git_commit} {git_source} | tar -x -C {experiment_root}/{root}/{parent_relative} --strip-components=1
sprint-f5	group_a/champions/champion_v3	data	9715712	5edebf7d14785144ae13c14af2e56049ffbeeb52	surrogate/data	e39d71899d6b96e6280b4ad0d8207960c6a393f0e0d6e35b5ad77e854d361ea3	git -C {repo} archive {git_commit} {git_source} | tar -x -C {experiment_root}/{root}/{parent_relative} --strip-components=1
sprint-f5	group_a/champions/champion_v4	data	9715712	5edebf7d14785144ae13c14af2e56049ffbeeb52	surrogate/data	e39d71899d6b96e6280b4ad0d8207960c6a393f0e0d6e35b5ad77e854d361ea3	git -C {repo} archive {git_commit} {git_source} | tar -x -C {experiment_root}/{root}/{parent_relative} --strip-components=1
sprint-f5	group_a/weight_opt_v2	data	9715712	5edebf7d14785144ae13c14af2e56049ffbeeb52	surrogate/data	e39d71899d6b96e6280b4ad0d8207960c6a393f0e0d6e35b5ad77e854d361ea3	git -C {repo} archive {git_commit} {git_source} | tar -x -C {experiment_root}/{root}/{parent_relative} --strip-components=1
sprint-f5	group_a/weight_opt_v3	data	9715712	5edebf7d14785144ae13c14af2e56049ffbeeb52	surrogate/data	e39d71899d6b96e6280b4ad0d8207960c6a393f0e0d6e35b5ad77e854d361ea3	git -C {repo} archive {git_commit} {git_source} | tar -x -C {experiment_root}/{root}/{parent_relative} --strip-components=1
sprint-f5	group_a/weight_opt_v4	data	9715712	5edebf7d14785144ae13c14af2e56049ffbeeb52	surrogate/data	e39d71899d6b96e6280b4ad0d8207960c6a393f0e0d6e35b5ad77e854d361ea3	git -C {repo} archive {git_commit} {git_source} | tar -x -C {experiment_root}/{root}/{parent_relative} --strip-components=1
sprint-f5	group_a/workspaces/4a9bb984-66d8-41cf-8c75-5cc62e2b15bc	data	9715712	5edebf7d14785144ae13c14af2e56049ffbeeb52	surrogate/data	e39d71899d6b96e6280b4ad0d8207960c6a393f0e0d6e35b5ad77e854d361ea3	git -C {repo} archive {git_commit} {git_source} | tar -x -C {experiment_root}/{root}/{parent_relative} --strip-components=1
sprint-f5	group_a/workspaces/54dd03dc-db40-4e9d-9ebf-9c0c57c5aa7c	data	9715712	5edebf7d14785144ae13c14af2e56049ffbeeb52	surrogate/data	e39d71899d6b96e6280b4ad0d8207960c6a393f0e0d6e35b5ad77e854d361ea3	git -C {repo} archive {git_commit} {git_source} | tar -x -C {experiment_root}/{root}/{parent_relative} --strip-components=1
sprint-f5	group_a/workspaces/b38af8d9-8382-490a-b0ae-9c3d04df0f8e	data	9715712	5edebf7d14785144ae13c14af2e56049ffbeeb52	surrogate/data	e39d71899d6b96e6280b4ad0d8207960c6a393f0e0d6e35b5ad77e854d361ea3	git -C {repo} archive {git_commit} {git_source} | tar -x -C {experiment_root}/{root}/{parent_relative} --strip-components=1
sprint-f5	group_a/workspaces/d0f74d4c-c91c-4c05-acb3-72e4a24348f9	data	9715712	5edebf7d14785144ae13c14af2e56049ffbeeb52	surrogate/data	e39d71899d6b96e6280b4ad0d8207960c6a393f0e0d6e35b5ad77e854d361ea3	git -C {repo} archive {git_commit} {git_source} | tar -x -C {experiment_root}/{root}/{parent_relative} --strip-components=1
sprint-f5	group_b/champions/champion_v2	data	9715712	5edebf7d14785144ae13c14af2e56049ffbeeb52	surrogate/data	e39d71899d6b96e6280b4ad0d8207960c6a393f0e0d6e35b5ad77e854d361ea3	git -C {repo} archive {git_commit} {git_source} | tar -x -C {experiment_root}/{root}/{parent_relative} --strip-components=1
sprint-f5	group_b/weight_opt_v2	data	9715712	5edebf7d14785144ae13c14af2e56049ffbeeb52	surrogate/data	e39d71899d6b96e6280b4ad0d8207960c6a393f0e0d6e35b5ad77e854d361ea3	git -C {repo} archive {git_commit} {git_source} | tar -x -C {experiment_root}/{root}/{parent_relative} --strip-components=1
sprint-f5	group_b/workspaces/6c3abb32-41e6-49e7-835b-d7e69ddcff31	data	9715712	5edebf7d14785144ae13c14af2e56049ffbeeb52	surrogate/data	e39d71899d6b96e6280b4ad0d8207960c6a393f0e0d6e35b5ad77e854d361ea3	git -C {repo} archive {git_commit} {git_source} | tar -x -C {experiment_root}/{root}/{parent_relative} --strip-components=1
sprint-f5	group_a/champions/champion_v2	tests	147456	5edebf7d14785144ae13c14af2e56049ffbeeb52	surrogate/tests	4bc59ca71037bd65e2e3e038024e559009d0f06998018a678fe0e19dda562994	git -C {repo} archive {git_commit} {git_source} | tar -x -C {experiment_root}/{root}/{parent_relative} --strip-components=1
sprint-f5	group_a/champions/champion_v3	tests	147456	5edebf7d14785144ae13c14af2e56049ffbeeb52	surrogate/tests	4bc59ca71037bd65e2e3e038024e559009d0f06998018a678fe0e19dda562994	git -C {repo} archive {git_commit} {git_source} | tar -x -C {experiment_root}/{root}/{parent_relative} --strip-components=1
sprint-f5	group_a/champions/champion_v4	tests	147456	5edebf7d14785144ae13c14af2e56049ffbeeb52	surrogate/tests	4bc59ca71037bd65e2e3e038024e559009d0f06998018a678fe0e19dda562994	git -C {repo} archive {git_commit} {git_source} | tar -x -C {experiment_root}/{root}/{parent_relative} --strip-components=1
sprint-f5	group_a/weight_opt_v2	tests	147456	5edebf7d14785144ae13c14af2e56049ffbeeb52	surrogate/tests	4bc59ca71037bd65e2e3e038024e559009d0f06998018a678fe0e19dda562994	git -C {repo} archive {git_commit} {git_source} | tar -x -C {experiment_root}/{root}/{parent_relative} --strip-components=1
sprint-f5	group_a/weight_opt_v3	tests	147456	5edebf7d14785144ae13c14af2e56049ffbeeb52	surrogate/tests	4bc59ca71037bd65e2e3e038024e559009d0f06998018a678fe0e19dda562994	git -C {repo} archive {git_commit} {git_source} | tar -x -C {experiment_root}/{root}/{parent_relative} --strip-components=1
sprint-f5	group_a/weight_opt_v4	tests	147456	5edebf7d14785144ae13c14af2e56049ffbeeb52	surrogate/tests	4bc59ca71037bd65e2e3e038024e559009d0f06998018a678fe0e19dda562994	git -C {repo} archive {git_commit} {git_source} | tar -x -C {experiment_root}/{root}/{parent_relative} --strip-components=1
sprint-f5	group_a/workspaces/4a9bb984-66d8-41cf-8c75-5cc62e2b15bc	tests	147456	5edebf7d14785144ae13c14af2e56049ffbeeb52	surrogate/tests	4bc59ca71037bd65e2e3e038024e559009d0f06998018a678fe0e19dda562994	git -C {repo} archive {git_commit} {git_source} | tar -x -C {experiment_root}/{root}/{parent_relative} --strip-components=1
sprint-f5	group_a/workspaces/54dd03dc-db40-4e9d-9ebf-9c0c57c5aa7c	tests	147456	5edebf7d14785144ae13c14af2e56049ffbeeb52	surrogate/tests	4bc59ca71037bd65e2e3e038024e559009d0f06998018a678fe0e19dda562994	git -C {repo} archive {git_commit} {git_source} | tar -x -C {experiment_root}/{root}/{parent_relative} --strip-components=1
sprint-f5	group_a/workspaces/b38af8d9-8382-490a-b0ae-9c3d04df0f8e	tests	147456	5edebf7d14785144ae13c14af2e56049ffbeeb52	surrogate/tests	4bc59ca71037bd65e2e3e038024e559009d0f06998018a678fe0e19dda562994	git -C {repo} archive {git_commit} {git_source} | tar -x -C {experiment_root}/{root}/{parent_relative} --strip-components=1
sprint-f5	group_a/workspaces/d0f74d4c-c91c-4c05-acb3-72e4a24348f9	tests	147456	5edebf7d14785144ae13c14af2e56049ffbeeb52	surrogate/tests	4bc59ca71037bd65e2e3e038024e559009d0f06998018a678fe0e19dda562994	git -C {repo} archive {git_commit} {git_source} | tar -x -C {experiment_root}/{root}/{parent_relative} --strip-components=1
sprint-f5	group_b/champions/champion_v2	tests	147456	5edebf7d14785144ae13c14af2e56049ffbeeb52	surrogate/tests	4bc59ca71037bd65e2e3e038024e559009d0f06998018a678fe0e19dda562994	git -C {repo} archive {git_commit} {git_source} | tar -x -C {experiment_root}/{root}/{parent_relative} --strip-components=1
sprint-f5	group_b/weight_opt_v2	tests	147456	5edebf7d14785144ae13c14af2e56049ffbeeb52	surrogate/tests	4bc59ca71037bd65e2e3e038024e559009d0f06998018a678fe0e19dda562994	git -C {repo} archive {git_commit} {git_source} | tar -x -C {experiment_root}/{root}/{parent_relative} --strip-components=1
sprint-f5	group_b/workspaces/6c3abb32-41e6-49e7-835b-d7e69ddcff31	tests	147456	5edebf7d14785144ae13c14af2e56049ffbeeb52	surrogate/tests	4bc59ca71037bd65e2e3e038024e559009d0f06998018a678fe0e19dda562994	git -C {repo} archive {git_commit} {git_source} | tar -x -C {experiment_root}/{root}/{parent_relative} --strip-components=1
sprint-f6	group_a/champions/champion_v2	data	9715712	02d9637650f3d48daff7ad964b4ba0db1f1b11cf	surrogate/data	e39d71899d6b96e6280b4ad0d8207960c6a393f0e0d6e35b5ad77e854d361ea3	git -C {repo} archive {git_commit} {git_source} | tar -x -C {experiment_root}/{root}/{parent_relative} --strip-components=1
sprint-f6	group_a/champions/champion_v3	data	9715712	02d9637650f3d48daff7ad964b4ba0db1f1b11cf	surrogate/data	e39d71899d6b96e6280b4ad0d8207960c6a393f0e0d6e35b5ad77e854d361ea3	git -C {repo} archive {git_commit} {git_source} | tar -x -C {experiment_root}/{root}/{parent_relative} --strip-components=1
sprint-f6	group_a/champions/champion_v4	data	9715712	02d9637650f3d48daff7ad964b4ba0db1f1b11cf	surrogate/data	e39d71899d6b96e6280b4ad0d8207960c6a393f0e0d6e35b5ad77e854d361ea3	git -C {repo} archive {git_commit} {git_source} | tar -x -C {experiment_root}/{root}/{parent_relative} --strip-components=1
sprint-f6	group_a/weight_opt_v2	data	9715712	02d9637650f3d48daff7ad964b4ba0db1f1b11cf	surrogate/data	e39d71899d6b96e6280b4ad0d8207960c6a393f0e0d6e35b5ad77e854d361ea3	git -C {repo} archive {git_commit} {git_source} | tar -x -C {experiment_root}/{root}/{parent_relative} --strip-components=1
sprint-f6	group_a/weight_opt_v3	data	9715712	02d9637650f3d48daff7ad964b4ba0db1f1b11cf	surrogate/data	e39d71899d6b96e6280b4ad0d8207960c6a393f0e0d6e35b5ad77e854d361ea3	git -C {repo} archive {git_commit} {git_source} | tar -x -C {experiment_root}/{root}/{parent_relative} --strip-components=1
sprint-f6	group_a/weight_opt_v4	data	9715712	02d9637650f3d48daff7ad964b4ba0db1f1b11cf	surrogate/data	e39d71899d6b96e6280b4ad0d8207960c6a393f0e0d6e35b5ad77e854d361ea3	git -C {repo} archive {git_commit} {git_source} | tar -x -C {experiment_root}/{root}/{parent_relative} --strip-components=1
sprint-f6	group_a/workspaces/3af826ac-fd51-4825-832d-b32f71db7319	data	9715712	02d9637650f3d48daff7ad964b4ba0db1f1b11cf	surrogate/data	e39d71899d6b96e6280b4ad0d8207960c6a393f0e0d6e35b5ad77e854d361ea3	git -C {repo} archive {git_commit} {git_source} | tar -x -C {experiment_root}/{root}/{parent_relative} --strip-components=1
sprint-f6	group_a/workspaces/a7a97244-b9c1-4cc9-8fe2-3f49c3cbece8	data	9715712	02d9637650f3d48daff7ad964b4ba0db1f1b11cf	surrogate/data	e39d71899d6b96e6280b4ad0d8207960c6a393f0e0d6e35b5ad77e854d361ea3	git -C {repo} archive {git_commit} {git_source} | tar -x -C {experiment_root}/{root}/{parent_relative} --strip-components=1
sprint-f6	group_a/workspaces/b5a561ae-febe-4ce6-b07e-f1a83aa63a57	data	9715712	02d9637650f3d48daff7ad964b4ba0db1f1b11cf	surrogate/data	e39d71899d6b96e6280b4ad0d8207960c6a393f0e0d6e35b5ad77e854d361ea3	git -C {repo} archive {git_commit} {git_source} | tar -x -C {experiment_root}/{root}/{parent_relative} --strip-components=1
sprint-f6	group_a/workspaces/c5615d8a-ea69-468f-98d5-cc7669d890a1	data	9715712	02d9637650f3d48daff7ad964b4ba0db1f1b11cf	surrogate/data	e39d71899d6b96e6280b4ad0d8207960c6a393f0e0d6e35b5ad77e854d361ea3	git -C {repo} archive {git_commit} {git_source} | tar -x -C {experiment_root}/{root}/{parent_relative} --strip-components=1
sprint-f6	group_b/champions/champion_v2	data	9715712	02d9637650f3d48daff7ad964b4ba0db1f1b11cf	surrogate/data	e39d71899d6b96e6280b4ad0d8207960c6a393f0e0d6e35b5ad77e854d361ea3	git -C {repo} archive {git_commit} {git_source} | tar -x -C {experiment_root}/{root}/{parent_relative} --strip-components=1
sprint-f6	group_b/weight_opt_v2	data	9715712	02d9637650f3d48daff7ad964b4ba0db1f1b11cf	surrogate/data	e39d71899d6b96e6280b4ad0d8207960c6a393f0e0d6e35b5ad77e854d361ea3	git -C {repo} archive {git_commit} {git_source} | tar -x -C {experiment_root}/{root}/{parent_relative} --strip-components=1
sprint-f6	group_b/workspaces/2a5e0291-9420-405b-99c9-d76594280af1	data	9715712	02d9637650f3d48daff7ad964b4ba0db1f1b11cf	surrogate/data	e39d71899d6b96e6280b4ad0d8207960c6a393f0e0d6e35b5ad77e854d361ea3	git -C {repo} archive {git_commit} {git_source} | tar -x -C {experiment_root}/{root}/{parent_relative} --strip-components=1
sprint-f6	group_c/workspaces/e5d9030a-40b9-434b-b4d5-ae716bd03996	data	9715712	02d9637650f3d48daff7ad964b4ba0db1f1b11cf	surrogate/data	e39d71899d6b96e6280b4ad0d8207960c6a393f0e0d6e35b5ad77e854d361ea3	git -C {repo} archive {git_commit} {git_source} | tar -x -C {experiment_root}/{root}/{parent_relative} --strip-components=1
sprint-f6	group_a/champions/champion_v2	tests	147456	02d9637650f3d48daff7ad964b4ba0db1f1b11cf	surrogate/tests	4bc59ca71037bd65e2e3e038024e559009d0f06998018a678fe0e19dda562994	git -C {repo} archive {git_commit} {git_source} | tar -x -C {experiment_root}/{root}/{parent_relative} --strip-components=1
sprint-f6	group_a/champions/champion_v3	tests	147456	02d9637650f3d48daff7ad964b4ba0db1f1b11cf	surrogate/tests	4bc59ca71037bd65e2e3e038024e559009d0f06998018a678fe0e19dda562994	git -C {repo} archive {git_commit} {git_source} | tar -x -C {experiment_root}/{root}/{parent_relative} --strip-components=1
sprint-f6	group_a/champions/champion_v4	tests	147456	02d9637650f3d48daff7ad964b4ba0db1f1b11cf	surrogate/tests	4bc59ca71037bd65e2e3e038024e559009d0f06998018a678fe0e19dda562994	git -C {repo} archive {git_commit} {git_source} | tar -x -C {experiment_root}/{root}/{parent_relative} --strip-components=1
sprint-f6	group_a/weight_opt_v2	tests	147456	02d9637650f3d48daff7ad964b4ba0db1f1b11cf	surrogate/tests	4bc59ca71037bd65e2e3e038024e559009d0f06998018a678fe0e19dda562994	git -C {repo} archive {git_commit} {git_source} | tar -x -C {experiment_root}/{root}/{parent_relative} --strip-components=1
sprint-f6	group_a/weight_opt_v3	tests	147456	02d9637650f3d48daff7ad964b4ba0db1f1b11cf	surrogate/tests	4bc59ca71037bd65e2e3e038024e559009d0f06998018a678fe0e19dda562994	git -C {repo} archive {git_commit} {git_source} | tar -x -C {experiment_root}/{root}/{parent_relative} --strip-components=1
sprint-f6	group_a/weight_opt_v4	tests	147456	02d9637650f3d48daff7ad964b4ba0db1f1b11cf	surrogate/tests	4bc59ca71037bd65e2e3e038024e559009d0f06998018a678fe0e19dda562994	git -C {repo} archive {git_commit} {git_source} | tar -x -C {experiment_root}/{root}/{parent_relative} --strip-components=1
sprint-f6	group_a/workspaces/3af826ac-fd51-4825-832d-b32f71db7319	tests	147456	02d9637650f3d48daff7ad964b4ba0db1f1b11cf	surrogate/tests	4bc59ca71037bd65e2e3e038024e559009d0f06998018a678fe0e19dda562994	git -C {repo} archive {git_commit} {git_source} | tar -x -C {experiment_root}/{root}/{parent_relative} --strip-components=1
sprint-f6	group_a/workspaces/a7a97244-b9c1-4cc9-8fe2-3f49c3cbece8	tests	147456	02d9637650f3d48daff7ad964b4ba0db1f1b11cf	surrogate/tests	4bc59ca71037bd65e2e3e038024e559009d0f06998018a678fe0e19dda562994	git -C {repo} archive {git_commit} {git_source} | tar -x -C {experiment_root}/{root}/{parent_relative} --strip-components=1
sprint-f6	group_a/workspaces/b5a561ae-febe-4ce6-b07e-f1a83aa63a57	tests	147456	02d9637650f3d48daff7ad964b4ba0db1f1b11cf	surrogate/tests	4bc59ca71037bd65e2e3e038024e559009d0f06998018a678fe0e19dda562994	git -C {repo} archive {git_commit} {git_source} | tar -x -C {experiment_root}/{root}/{parent_relative} --strip-components=1
sprint-f6	group_a/workspaces/c5615d8a-ea69-468f-98d5-cc7669d890a1	tests	147456	02d9637650f3d48daff7ad964b4ba0db1f1b11cf	surrogate/tests	4bc59ca71037bd65e2e3e038024e559009d0f06998018a678fe0e19dda562994	git -C {repo} archive {git_commit} {git_source} | tar -x -C {experiment_root}/{root}/{parent_relative} --strip-components=1
sprint-f6	group_b/champions/champion_v2	tests	147456	02d9637650f3d48daff7ad964b4ba0db1f1b11cf	surrogate/tests	4bc59ca71037bd65e2e3e038024e559009d0f06998018a678fe0e19dda562994	git -C {repo} archive {git_commit} {git_source} | tar -x -C {experiment_root}/{root}/{parent_relative} --strip-components=1
sprint-f6	group_b/weight_opt_v2	tests	147456	02d9637650f3d48daff7ad964b4ba0db1f1b11cf	surrogate/tests	4bc59ca71037bd65e2e3e038024e559009d0f06998018a678fe0e19dda562994	git -C {repo} archive {git_commit} {git_source} | tar -x -C {experiment_root}/{root}/{parent_relative} --strip-components=1
sprint-f6	group_b/workspaces/2a5e0291-9420-405b-99c9-d76594280af1	tests	147456	02d9637650f3d48daff7ad964b4ba0db1f1b11cf	surrogate/tests	4bc59ca71037bd65e2e3e038024e559009d0f06998018a678fe0e19dda562994	git -C {repo} archive {git_commit} {git_source} | tar -x -C {experiment_root}/{root}/{parent_relative} --strip-components=1
sprint-f6	group_c/workspaces/e5d9030a-40b9-434b-b4d5-ae716bd03996	tests	147456	02d9637650f3d48daff7ad964b4ba0db1f1b11cf	surrogate/tests	4bc59ca71037bd65e2e3e038024e559009d0f06998018a678fe0e19dda562994	git -C {repo} archive {git_commit} {git_source} | tar -x -C {experiment_root}/{root}/{parent_relative} --strip-components=1
